Elo Rank;Player;Age;Elo;hElo Rank;hElo;cElo Rank;cElo;gElo Rank;gElo;Peak Elo;Peak Month;ATP Rank;Log diff
1;Jannik Sinner;24.7;2319.8;1;2263.2;1;2215.7;1;2088.3;2339.8;2026-05;1;0
2;Carlos Alcaraz;22.9;2161.8;2;2088.3;2;2101.6;2;2029.2;2308.5;2026-03;2;0
3;Alexander Zverev;29.1;2099.7;3;2041.5;3;2051.1;4;1913.6;2176.5;2022-01;3;0
4;Novak Djokovic;39.0;2059.3;4;2021.7;5;1959.2;3;1924.9;2463.2;2016-05;8;-0.69
5;Arthur Fils;21.8;2000.6;8;1929.7;7;1935.1;17;1776.4;2051.0;2026-04;24;-1.57
6;Rafael Jodar;19.6;1998.6;17;1872.7;6;1948.9;39;1699.3;2014.0;2026-05;26;-1.47
7;Casper Ruud;27.4;1983.1;13;1888.7;4;1973.0;29;1714.8;2071.9;2022-05;12;-0.54
8;Daniil Medvedev;30.3;1977.4;5;1962.3;8;1889.0;7;1855.1;2201.2;2022-01;9;-0.12
9;Alex De Minaur;27.3;1960.8;6;1935.4;11;1869.2;8;1833.8;2053.1;2024-06;6;0.41
10;Ben Shelton;23.6;1960.3;9;1921.6;19;1845.0;5;1863.3;2024.4;2025-08;5;0.69
11;Felix Auger Aliassime;25.8;1957.9;7;1932.2;14;1863.9;13;1789.1;2062.7;2022-10;4;1.01
12;Tommy Paul;29.0;1948.5;15;1881.2;9;1885.5;11;1800.8;2028.8;2025-05;25;-0.73
13;Learner Tien;20.5;1941.1;11;1904.3;26;1821.4;32;1711.3;1977.4;2026-03;17;-0.27
14;Jakub Mensik;20.7;1931.3;12;1892.9;16;1861.1;28;1715.7;1969.6;2026-02;18;-0.25
15;Francisco Cerundolo;27.8;1931.0;16;1880.1;12;1868.3;15;1783.5;1961.6;2025-04;21;-0.34
16;Joao Fonseca;19.8;1927.6;10;1913.7;17;1856.3;43;1686.1;1992.5;2025-03;27;-0.52
17;Jiri Lehecka;24.5;1921.6;14;1882.1;24;1825.5;12;1798.4;1989.9;2025-10;14;0.19
18;Frances Tiafoe;28.3;1918.0;18;1861.4;23;1827.4;9;1823.3;1974.0;2023-06;19;-0.05
19;Taylor Fritz;28.6;1909.0;23;1838.5;43;1760.9;6;1856.6;2070.2;2025-09;7;1.00
20;Alexander Blockx;21.1;1905.5;32;1793.1;13;1867.9;40;1697.8;1907.2;2026-05;36;-0.59
21;Valentin Vacherot;27.5;1902.6;19;1852.2;33;1788.8;99;1605.3;1929.6;2026-04;20;0.05
22;Andrey Rublev;28.6;1902.2;20;1848.5;10;1872.4;14;1784.4;2122.1;2021-04;13;0.53
23;Flavio Cobolli;24.1;1896.3;28;1809.6;15;1862.4;23;1742.2;1914.6;2026-05;10;0.83
24;Raphael Collignon;24.4;1893.5;24;1836.8;28;1813.2;37;1702.3;1924.1;2026-05;43;-0.58
25;Alejandro Davidovich Fokina;27.0;1893.2;22;1842.4;29;1813.0;16;1782.0;1934.8;2025-07;23;0.08
26;Alexander Bublik;28.9;1889.2;25;1836.7;25;1822.4;10;1802.0;1988.6;2026-01;11;0.86
27;Lorenzo Musetti;24.1;1868.8;29;1803.5;18;1852.6;22;1750.4;2050.5;2025-05;15;0.59
28;Ugo Humbert;27.9;1867.7;21;1843.3;49;1732.1;18;1768.6;2017.7;2024-03;30;-0.07
29;Tomas Machac;25.6;1865.9;26;1829.3;37;1782.8;35;1705.9;1972.7;2025-04;49;-0.52
30;Dino Prizmic;20.8;1840.8;57;1733.1;30;1802.8;100;1599.7;1886.5;2026-05;89;-1.09
31;Hamad Medjedovic;22.9;1840.5;49;1744.1;27;1816.3;50;1662.2;1859.9;2026-05;68;-0.79
32;Brandon Nakashima;24.8;1839.0;34;1787.7;47;1734.9;19;1756.7;1909.5;2024-09;31;0.03
33;Luciano Darderi;24.3;1834.5;86;1678.3;21;1835.6;79;1630.7;1858.1;2026-05;16;0.72
34;Stefanos Tsitsipas;27.8;1833.1;30;1802.5;20;1840.8;48;1673.3;2145.1;2021-05;87;-0.94
35;Matteo Berrettini;30.1;1831.4;31;1797.4;32;1790.1;24;1739.0;2065.7;2022-07;51;-0.38
36;Matteo Arnaldi;25.3;1829.7;59;1732.2;22;1830.3;81;1630.3;1902.9;2024-06;35;0.03
37;Cameron Norrie;30.8;1828.8;33;1789.0;34;1787.7;27;1719.3;2028.6;2022-08;29;0.24
38;Karen Khachanov;30.0;1828.1;36;1782.9;35;1787.3;25;1724.8;2029.5;2018-10;22;0.55
39;Alex Michelsen;21.7;1825.0;27;1810.1;72;1694.4;33;1710.1;1904.8;2025-01;46;-0.17
40;Jack Draper;24.4;1822.3;37;1782.5;69;1696.6;36;1704.0;2103.8;2025-04;131;-1.19
41;Mariano Navone;25.3;1822.2;77;1692.9;31;1800.1;123;1566.6;1875.9;2024-04;38;0.08
42;Ignacio Buse;22.2;1822.0;102;1661.6;36;1786.2;78;1631.4;1844.9;2026-05;34;0.21
43;Alejandro Tabilo;29.0;1819.3;46;1749.9;38;1781.3;49;1670.3;1895.7;2024-07;33;0.26
44;Tomas Martin Etcheverry;26.9;1812.0;41;1765.7;39;1767.2;118;1574.7;1871.7;2023-05;32;0.32
45;Sebastian Korda;25.6;1808.6;42;1765.0;87;1669.9;46;1679.0;2020.7;2023-01;63;-0.34
46;Zizou Bergs;27.0;1807.8;45;1756.8;70;1696.3;31;1711.9;1859.2;2025-03;37;0.22
47;Ethan Quinn;22.2;1804.1;40;1767.2;77;1688.2;30;1712.2;1842.9;2026-03;47;0
48;Gael Monfils;39.7;1803.3;35;1783.5;80;1684.9;62;1651.8;2087.1;2016-10;266;-1.71
49;Kamil Majchrzak;30.4;1800.6;53;1739.2;55;1723.4;20;1756.6;1813.1;2025-10;45;0.09
50;Pablo Carreno Busta;34.8;1800.5;50;1744.0;40;1766.6;101;1598.0;2005.1;2021-08;71;-0.35
51;Marin Cilic;37.7;1800.4;44;1761.5;66;1701.2;21;1756.3;2100.4;2010-02;62;-0.20
52;Hubert Hurkacz;29.3;1798.2;62;1726.5;41;1762.2;38;1699.9;2022.5;2024-06;96;-0.61
53;Eliot Spizzirri;24.4;1796.1;43;1765.0;149;1584.1;82;1630.0;1835.5;2026-02;97;-0.60
54;Arthur Cazaux;23.5;1792.9;54;1737.6;65;1702.8;55;1658.7;1811.9;2025-10;78;-0.37
55;Juan Manuel Cerundolo;24.5;1790.4;104;1657.5;42;1761.6;120;1570.4;1803.9;2026-06;42;0.27
56;Tallon Griekspoor;29.9;1789.3;38;1776.5;54;1725.7;26;1720.7;1951.8;2025-06;58;-0.04
57;Fabian Marozsan;26.7;1784.3;48;1746.6;57;1715.7;59;1653.6;1867.2;2024-04;53;0.07
58;Yannick Hanfmann;34.6;1781.2;64;1720.9;45;1741.4;69;1640.2;1843.4;2023-06;56;0.04
59;Arthur Rinderknech;30.8;1779.9;47;1747.6;60;1712.5;66;1644.9;1871.8;2025-10;28;0.75
60;Jordan Thompson;31.7;1772.4;58;1732.6;134;1604.6;34;1708.7;1891.2;2024-12;156;-0.96
61;Denis Shapovalov;27.1;1771.2;39;1775.1;84;1676.4;72;1636.2;1983.2;2020-01;41;0.40
62;Nuno Borges;29.3;1769.0;67;1714.1;53;1725.9;58;1655.5;1843.6;2025-03;48;0.26
63;Miomir Kecmanovic;26.8;1768.4;70;1709.0;48;1732.9;67;1641.1;1900.6;2022-04;50;0.23
64;Jaume Munar;29.1;1765.8;51;1743.0;64;1705.6;105;1593.0;1830.4;2025-10;44;0.37
65;Camilo Ugo Carabelli;26.9;1759.2;117;1641.5;46;1740.6;193;1496.2;1771.9;2025-05;59;0.10
66;Sebastian Baez;25.4;1758.9;71;1708.6;56;1717.6;141;1545.9;1941.4;2022-07;57;0.15
67;Holger Rune;22.4;1756.9;63;1724.5;51;1728.7;83;1628.4;2082.0;2023-05;77;-0.14
68;Pablo Llamas Ruiz;23.6;1756.8;122;1630.4;50;1732.1;121;1569.6;1773.5;2026-06;119;-0.56
69;Marton Fucsovics;34.3;1755.6;65;1719.0;78;1685.9;41;1694.7;1924.2;2021-03;76;-0.10
70;Roman Safiullin;28.8;1749.7;73;1703.5;44;1754.1;85;1626.8;1911.3;2024-01;132;-0.63
71;Benjamin Bonzi;29.9;1749.1;68;1713.0;119;1621.7;47;1677.9;1835.8;2022-06;93;-0.27
72;Reilly Opelka;28.7;1748.9;56;1733.8;99;1644.0;76;1634.6;1927.5;2022-04;115;-0.47
73;Rinky Hijikata;25.3;1747.6;76;1693.7;154;1577.3;44;1681.8;1756.7;2026-06;82;-0.12
74;Juncheng Shang;21.0;1745.8;75;1698.4;103;1640.2;63;1650.8;1895.7;2024-09;274;-1.31
75;Toby Samuel;23.7;1745.3;60;1728.6;107;1635.4;103;1594.6;1787.0;2026-04;123;-0.49
76;Corentin Moutet;27.1;1744.7;61;1726.8;75;1692.0;65;1647.6;1881.9;2025-10;39;0.67
77;Soon Woo Kwon;28.5;1744.4;66;1715.6;115;1625.3;111;1589.0;1830.7;2023-01;200;-0.95
78;Daniel Merida Aguilar;21.7;1743.6;90;1675.5;67;1700.0;133;1556.7;1798.1;2026-05;84;-0.07
79;Grigor Dimitrov;35.1;1743.5;55;1735.6;98;1647.4;51;1661.9;2111.5;2014-08;146;-0.61
80;Botic Van De Zandschulp;30.6;1742.9;69;1710.5;76;1690.3;102;1595.0;1938.0;2022-09;54;0.39
81;Yibing Wu;26.6;1742.8;52;1740.8;86;1670.2;164;1517.2;1882.9;2023-03;102;-0.23
82;Alex Molcan;28.5;1742.2;109;1652.5;61;1711.8;87;1624.1;1872.5;2022-07;101;-0.21
83;Alexei Popyrin;26.8;1741.2;83;1680.5;52;1726.6;113;1585.1;1902.2;2024-10;103;-0.22
84;Thiago Agustin Tirante;25.1;1740.6;119;1636.0;58;1714.8;125;1564.4;1759.1;2026-05;55;0.42
85;Adolfo Daniel Vallejo;22.1;1740.0;199;1519.7;62;1708.2;109;1590.2;1780.4;2026-05;72;0.17
86;Vit Kopriva;29.0;1739.7;96;1670.2;68;1699.4;91;1621.7;1760.5;2025-05;64;0.30
87;Giovanni Mpetshi Perricard;22.9;1737.6;94;1671.8;85;1672.7;53;1661.6;1862.8;2024-12;83;0.05
88;Jaime Faria;22.8;1735.4;131;1615.2;63;1706.3;88;1623.9;1755.4;2026-06;98;-0.11
89;Daniel Altmaier;27.7;1733.8;110;1651.5;74;1692.8;95;1611.0;1789.1;2021-08;61;0.38
90;Martin Landaluce;20.4;1726.5;79;1684.8;95;1654.3;75;1634.8;1764.1;2026-05;60;0.41
91;Nishesh Basavareddy;21.0;1721.5;84;1680.5;110;1634.2;143;1544.1;1856.6;2025-01;135;-0.39
92;Arthur Fery;23.9;1720.6;80;1684.5;157;1570.4;106;1592.5;1751.3;2026-03;114;-0.21
93;Mattia Bellucci;25.0;1720.3;88;1677.8;128;1609.8;57;1656.5;1814.3;2024-10;67;0.33
94;Lorenzo Sonego;31.1;1719.2;74;1701.5;109;1634.6;84;1628.4;1895.3;2021-05;69;0.31
95;Marcos Giron;32.9;1718.2;72;1704.3;135;1603.9;90;1621.9;1874.1;2025-03;92;0.03
96;Zachary Svajda;23.5;1717.8;78;1689.9;144;1588.9;56;1657.1;1794.0;2026-02;66;0.37
97;Titouan Droguet;24.9;1717.4;111;1650.2;81;1680.8;80;1630.4;1735.3;2026-06;116;-0.18
98;Gabriel Diallo;24.7;1715.7;87;1678.2;112;1628.9;70;1638.8;1889.2;2025-06;88;0.11
99;Kei Nishikori;36.3;1714.0;85;1680.3;129;1609.5;107;1591.1;2194.2;2016-08;720;-1.98
100;Sebastian Ofner;30.0;1713.2;108;1654.8;82;1680.4;73;1635.2;1812.7;2024-01;110;-0.10
101;Roman Andres Burruchaga;24.4;1711.2;182;1544.8;73;1694.0;137;1550.9;1764.5;2026-04;65;0.44
102;Jesper De Jong;26.0;1710.6;136;1606.9;71;1695.6;153;1536.3;1741.0;2025-10;73;0.33
103;Bu Yunchaokete;24.3;1708.7;113;1643.9;130;1608.3;71;1638.0;1834.9;2024-09;107;-0.04
104;Quentin Halys;29.6;1706.6;89;1676.8;90;1664.1;96;1608.2;1811.4;2023-04;95;0.09
105;Otto Virtanen;24.9;1706.3;92;1674.4;193;1531.6;42;1687.9;1768.8;2024-03;140;-0.29
106;Martin Damm;22.7;1705.5;106;1656.7;188;1534.9;54;1659.8;1767.9;1999-11;106;0
107;Laslo Djere;31.0;1704.4;130;1616.7;59;1714.6;117;1574.8;1854.6;2023-09;234;-0.78
108;Emilio Nava;24.5;1703.9;129;1621.0;79;1685.9;129;1560.2;1742.1;2026-06;86;0.23
109;Terence Atmane;24.4;1703.5;93;1673.5;114;1627.9;142;1544.2;1763.0;2026-05;52;0.74
110;Adam Walton;27.1;1703.2;97;1668.9;179;1543.1;124;1565.4;1747.1;2025-04;85;0.26
111;Luca Van Assche;22.0;1701.0;82;1681.3;105;1638.5;134;1555.4;1801.5;2023-04;80;0.33
112;Roberto Bautista Agut;38.1;1700.2;98;1668.2;104;1639.7;52;1661.8;2033.8;2016-02;183;-0.49
113;Gustavo Heide;24.2;1695.4;186;1535.8;83;1678.6;165;1517.2;1695.4;2026-06;141;-0.22
114;Michael Zheng;22.3;1695.2;95;1671.5;155;1576.2;171;1514.7;1777.3;2025-09;144;-0.23
115;Francisco Comesana;25.6;1694.8;116;1641.8;94;1656.0;128;1560.3;1761.9;2025-08;91;0.23
116;Jenson Brooksby;25.6;1694.4;81;1682.2;131;1607.4;77;1633.8;2005.3;2022-03;81;0.36
117;Jan Lennard Struff;36.1;1694.2;121;1634.2;92;1659.3;89;1623.1;1935.1;2024-07;74;0.46
118;Leandro Riedi;24.3;1693.1;91;1675.3;137;1598.6;86;1625.8;1823.3;2023-01;117;0.01
119;Yoshihito Nishioka;30.3;1688.7;103;1659.2;123;1618.3;147;1539.9;1884.7;2023-01;176;-0.39
120;Andrea Vavassori;30.9;1688.1;107;1655.0;100;1642.3;149;1538.1;1734.8;2023-04;559;-1.54
121;Jan Choinski;30.0;1686.4;161;1571.4;97;1652.4;155;1534.1;1695.7;2026-06;100;0.19
122;Kyrian Jacquet;25.0;1685.3;100;1663.1;148;1586.2;94;1612.4;1735.1;2025-02;139;-0.13
123;Jason Kubler;32.7;1684.5;120;1635.3;124;1615.7;45;1679.3;1790.0;2022-07;465;-1.33
124;Borna Gojo;28.2;1682.5;101;1662.0;101;1641.7;233;1468.0;1800.2;2023-10;175;-0.34
125;Zhizhen Zhang;29.6;1681.5;115;1641.9;111;1633.1;68;1640.6;1830.9;2024-09;161;-0.25
126;Facundo Diaz Acosta;25.4;1680.5;189;1533.1;88;1668.4;224;1476.2;1791.9;2024-02;120;0.05
127;Stan Wawrinka;41.1;1677.9;99;1663.8;125;1612.5;110;1589.8;2145.5;2016-01;109;0.15
128;Henrique Rocha;22.1;1675.5;156;1574.2;89;1666.4;163;1517.8;1694.5;2026-06;122;0.05
129;Andrea Pellegrino;29.1;1673.6;295;1421.8;96;1653.5;250;1458.7;1681.8;2026-06;133;-0.03
130;Adrian Mannarino;37.9;1673.4;112;1647.4;233;1487.7;61;1652.8;1896.3;2018-01;40;1.18
131;Christopher Oconnell;32.0;1673.1;105;1656.9;158;1569.1;93;1614.0;1814.1;2025-03;124;0.05
132;Sho Shimabukuro;28.8;1672.4;137;1606.1;211;1509.8;60;1652.9;1692.5;2023-09;90;0.38
133;Nikoloz Basilashvili;34.3;1671.6;135;1608.4;108;1635.2;97;1607.7;1889.8;2019-01;111;0.18
134;Alexander Shevchenko;25.5;1668.7;114;1642.4;116;1624.2;241;1463.8;1792.0;2024-02;99;0.30
135;Cristian Garin;29.9;1666.9;159;1572.1;93;1658.7;92;1617.3;1889.6;2019-04;125;0.08
136;David Goffin;35.4;1664.9;126;1625.6;106;1637.3;64;1649.2;2048.7;2017-04;241;-0.57
137;Lloyd Harris;29.2;1664.8;118;1640.2;160;1565.9;98;1607.6;1896.0;2021-10;160;-0.16
138;Alexandre Muller;29.3;1664.5;123;1630.3;113;1628.4;168;1516.3;1801.7;2025-05;126;0.09
139;Zsombor Piros;26.6;1660.6;124;1629.1;121;1620.5;136;1552.3;1731.0;2023-04;169;-0.20
140;Nicolas Jarry;30.5;1648.3;157;1573.5;102;1641.5;74;1635.2;1903.0;2023-10;211;-0.41
141;Valentin Royer;25.0;1640.6;150;1584.9;132;1606.2;119;1572.7;1800.2;2025-10;75;0.63
142;Patrick Kypson;26.5;1640.5;132;1611.2;168;1554.7;212;1482.5;1732.4;2026-01;113;0.23
143;Dalibor Svrcina;23.7;1639.8;127;1624.3;152;1578.4;200;1488.9;1712.9;2025-04;112;0.24
144;Damir Dzumhur;34.0;1637.8;143;1595.5;141;1594.0;135;1553.9;1895.8;2017-09;105;0.32
145;Hugo Dellien;32.9;1637.2;230;1485.6;118;1623.9;219;1479.4;1779.8;2022-05;162;-0.11
146;Aleksandar Kovacevic;27.8;1636.2;133;1611.1;163;1563.1;222;1476.8;1758.8;2024-04;70;0.74
147;Jurij Rodionov;27.0;1635.8;151;1583.8;147;1586.3;112;1585.3;1702.1;2023-06;142;0.03
148;Roberto Carballes Baena;33.2;1631.9;145;1592.4;126;1612.1;180;1505.7;1788.1;2024-07;163;-0.10
149;Stefanos Sakellaridis;21.7;1630.5;162;1566.0;127;1611.6;130;1559.0;1674.3;2026-05;148;0.01
150;Aleksandar Vukic;30.2;1630.2;142;1597.3;207;1515.6;108;1590.6;1773.3;2025-01;104;0.37
151;Federico Cina;19.1;1630.0;152;1583.1;143;1589.9;170;1515.0;1656.0;2026-06;174;-0.14
152;James Duckworth;34.4;1628.1;146;1592.0;156;1572.6;146;1540.0;1785.9;2021-11;79;0.65
153;Marco Trungelliti;36.3;1627.3;221;1496.4;120;1620.8;226;1474.5;1693.1;2018-07;94;0.49
154;Hugo Gaston;25.6;1622.1;125;1628.1;159;1566.1;175;1509.2;1795.1;2021-11;118;0.27
155;Giulio Zeppieri;24.3;1621.9;149;1589.0;161;1565.7;115;1578.9;1691.2;2022-07;193;-0.22
156;Chris Rodesch;24.9;1621.8;128;1623.3;182;1540.1;131;1557.3;1768.5;2026-02;173;-0.10
157;Lukas Neumayer;23.7;1621.3;236;1480.4;138;1598.4;237;1466.3;1658.4;2026-05;167;-0.06
158;Nicolai Budkov Kjaer;19.7;1620.1;141;1597.9;151;1582.2;223;1476.3;1749.3;2025-10;121;0.27
159;Dusan Lajovic;35.9;1620.0;171;1558.5;146;1587.6;204;1487.5;1854.6;2018-10;153;0.04
160;Kilian Feldbausch;20.7;1618.1;323;1401.9;136;1599.3;176;1509.1;1648.3;2026-06;288;-0.59
161;Tomas Barrios Vera;28.4;1614.8;173;1552.2;145;1588.7;127;1562.6;1710.3;2023-07;137;0.16
162;Michael Mmoh;28.4;1613.0;140;1599.4;214;1508.2;186;1502.1;1762.3;2017-02;192;-0.17
163;Dhakshineswar Suresh;25.8;1610.6;166;1563.4;302;1415.3;182;1505.3;1616.6;2025-10;475;-1.07
164;Carlos Taberner;28.4;1610.3;270;1445.0;133;1604.7;294;1433.4;1725.0;2021-10;194;-0.17
165;Elmer Moller;22.9;1609.2;232;1484.1;142;1593.1;156;1533.7;1741.1;2025-04;147;0.12
166;Rei Sakamoto;19.9;1607.5;148;1589.4;205;1517.5;236;1467.3;1676.6;2026-02;150;0.10
167;Pierre Hugues Herbert;35.2;1606.8;155;1576.5;195;1530.2;126;1564.4;1867.9;2019-06;251;-0.41
168;Clement Tabur;26.3;1606.8;158;1572.8;171;1553.3;218;1480.2;1636.7;2026-06;189;-0.12
169;Emil Ruusuvuori;26.6;1606.1;154;1576.8;164;1558.3;116;1576.4;1893.2;2023-06;786;-1.54
170;Mackenzie Mcdonald;31.1;1605.6;138;1604.1;247;1473.4;145;1541.2;1847.6;2023-03;145;0.16
171;Coleman Wong;22.0;1602.1;144;1592.8;253;1466.7;216;1481.3;1730.8;2026-02;108;0.46
172;Lukas Klein;27.8;1601.1;187;1535.1;117;1623.9;132;1557.2;1777.5;2024-03;171;0.01
173;Jacob Fearnley;24.8;1599.6;165;1564.7;139;1598.1;139;1546.2;1910.0;2024-10;159;0.08
174;Jerome Kym;23.3;1598.5;147;1591.2;196;1528.9;196;1490.7;1738.0;2024-10;196;-0.12
175;Luka Mikrut;22.1;1597.2;273;1443.3;122;1618.5;190;1498.6;1735.4;2025-10;180;-0.03
176;Pavel Kotov;27.5;1596.6;139;1600.8;197;1528.7;185;1502.3;1797.1;2024-05;249;-0.35
177;Arthur Gea;21.4;1596.5;134;1609.5;202;1520.9;181;1505.4;1722.1;2026-03;136;0.26
178;Alexis Galarneau;27.2;1592.8;178;1548.3;236;1484.7;148;1538.3;1631.5;2024-04;179;-0.01
179;Francesco Passaro;25.4;1592.3;168;1561.6;153;1578.2;263;1452.5;1779.0;2022-08;185;-0.03
180;Liam Draxl;24.4;1592.2;164;1565.1;222;1499.1;258;1456.8;1699.6;2025-07;158;0.13
181;Matteo Gigante;23.7;1591.8;188;1533.6;140;1598.0;255;1457.1;1709.5;2025-05;521;-1.06
182;Facundo Bagnis;35.5;1590.7;209;1512.9;150;1583.8;437;1363.2;1737.0;2021-07;439;-0.88
183;Liam Broady;32.4;1590.3;153;1577.1;231;1488.6;184;1504.2;1757.4;2022-03;209;-0.13
184;Mark Lajal;23.0;1588.5;172;1556.1;235;1484.9;140;1546.0;1685.3;2025-07;164;0.12
185;Alex Bolt;33.4;1588.1;184;1540.7;300;1418.0;122;1569.3;1688.9;2019-03;152;0.20
186;Daniel Evans;36.0;1587.9;167;1561.9;221;1499.2;114;1583.8;1902.5;2021-04;385;-0.73
187;Filip Misolic;24.5;1587.2;248;1469.3;91;1663.9;158;1531.3;1829.4;2025-07;221;-0.17
188;Luca Nardi;22.8;1585.4;160;1572.0;187;1536.5;330;1415.1;1724.6;2024-04;166;0.12
189;Giles Hussey;29.0;1584.4;204;1517.4;320;1402.2;172;1512.6;1600.7;2026-06;258;-0.31
190;Vitaliy Sachko;28.9;1583.5;242;1474.9;174;1549.8;288;1438.5;1643.5;2023-07;198;-0.04
191;Vilius Gaubas;21.4;1581.0;170;1559.5;191;1534.6;160;1529.2;1718.5;2025-05;129;0.39
192;Jack Kennedy;;1580.6;310;1410.5;167;1555.7;197;1490.3;1606.1;2026-04;414;-0.77
193;Max Alcala Gurri;23.7;1580.5;341;1387.6;162;1564.0;198;1490.3;1616.3;2026-06;228;-0.17
194;Pedro Martinez;29.1;1580.0;174;1552.2;173;1550.3;266;1451.4;1844.3;2022-04;134;0.37
195;Remy Bertola;27.7;1579.3;192;1527.9;239;1483.6;150;1537.7;1594.4;2026-06;187;0.04
196;Inaki Montes De La Torre;23.7;1579.2;201;1518.7;190;1534.8;199;1489.6;1579.2;2026-06;269;-0.32
197;Colton Smith;23.2;1577.2;163;1565.5;245;1475.9;144;1542.8;1837.6;2025-06;186;0.06
198;Joel Schwaerzler;20.3;1576.8;200;1519.4;185;1537.4;201;1488.4;1660.8;2026-04;177;0.11
199;Marco Cecchinato;33.7;1575.6;269;1446.1;175;1546.3;290;1438.1;1838.6;2018-07;195;0.02
200;Juan Carlos Prado Angelo;21.2;1575.5;300;1418.3;169;1553.7;203;1487.8;1611.6;2025-10;181;0.10
201;Harold Mayot;24.3;1570.9;179;1548.1;176;1545.8;189;1499.6;1701.9;2024-06;199;0.01
202;Stefano Travaglia;34.4;1570.3;185;1539.0;198;1527.5;265;1452.1;1793.8;2021-02;130;0.44
203;Hynek Barton;22.1;1569.9;212;1509.2;189;1534.9;206;1484.9;1585.2;2026-06;256;-0.23
204;Moise Kouame;17.2;1568.2;177;1549.3;292;1426.0;208;1484.1;1579.4;2026-05;215;-0.05
205;Thiago Monteiro;31.9;1567.7;190;1532.7;170;1553.6;230;1470.7;1748.2;2024-05;292;-0.35
206;Taro Daniel;33.3;1567.3;211;1512.0;180;1542.0;214;1481.4;1766.8;2023-04;203;0.01
207;Gauthier Onclin;25.2;1566.9;175;1551.9;223;1496.4;178;1507.4;1591.3;2023-07;178;0.15
208;August Holmgren;28.1;1566.1;205;1516.7;226;1492.8;104;1594.4;1677.9;2021-09;143;0.37
209;Tom Gentzsch;22.7;1564.9;224;1491.9;183;1539.7;213;1482.1;1626.3;2026-05;216;-0.03
210;Nikolas Sanchez Izquierdo;27.2;1562.7;404;1332.2;192;1532.4;215;1481.4;1588.3;2026-06;214;-0.02
211;Tristan Boyer;25.1;1561.0;195;1525.1;178;1544.5;315;1423.2;1753.1;2025-01;191;0.10
212;Pol Martin Tiffon;26.8;1560.9;183;1544.6;216;1506.2;273;1447.7;1587.3;2026-05;218;-0.03
213;Buvaysar Gadamauri;25.9;1558.3;251;1463.9;200;1525.5;220;1479.1;1592.8;2026-05;255;-0.18
214;Jack Pinnington Jones;23.2;1557.1;180;1547.4;281;1433.3;154;1534.6;1685.0;2026-02;138;0.44
215;Cedrik Marcel Stebe;35.3;1556.4;196;1523.2;177;1544.9;242;1463.3;1824.7;2017-09;342;-0.46
216;Chun Hsin Tseng;24.8;1554.2;222;1495.0;181;1541.0;345;1405.3;1715.6;2022-04;229;-0.06
217;Mikhail Kukushkin;38.4;1551.6;194;1525.7;204;1518.4;173;1510.3;1864.2;2010-10;305;-0.34
218;Darwin Blanch;18.6;1551.3;233;1483.2;225;1493.5;253;1457.8;1610.4;2026-04;224;-0.03
219;Harry Wendelken;24.5;1550.9;169;1559.6;380;1348.8;231;1469.5;1641.5;2026-04;202;0.08
220;Felix Balshaw;20.0;1550.9;330;1397.4;186;1536.5;225;1475.5;1594.8;2026-06;259;-0.16
221;Tristan Schoolkate;25.2;1548.8;207;1514.3;263;1458.8;157;1533.1;1703.1;2025-07;149;0.39
222;Elias Ymer;30.1;1548.1;193;1527.3;228;1492.1;187;1501.8;1751.8;2015-06;188;0.17
223;Hugo Grenier;30.2;1547.9;197;1523.1;311;1410.1;252;1458.0;1734.0;2022-09;223;0
224;David Jorda Sanchis;31.9;1545.3;399;1334.4;172;1550.7;293;1433.8;1545.3;2026-06;184;0.20
225;Gianluca Cadenasso ;21.6;1545.2;348;1382.6;213;1508.5;227;1472.6;1578.5;2026-04;;
226;Andrea Guerrieri;27.5;1544.8;333;1393.4;212;1509.5;228;1472.4;1591.5;2026-06;227;0
227;Edas Butvilas;21.8;1544.3;219;1499.1;219;1501.0;260;1456.1;1672.0;2024-09;225;0.01
228;Kimmer Coppejans;32.3;1544.0;249;1469.3;210;1513.4;261;1455.5;1697.0;2015-04;222;0.03
229;Timofey Skatov;25.3;1543.8;238;1479.3;194;1531.1;209;1483.9;1672.0;2024-07;172;0.29
230;Andre Ilagan;25.5;1543.4;203;1518.4;336;1381.7;229;1471.7;1556.0;2026-06;263;-0.13
231;Sumit Nagal;28.8;1542.7;241;1475.8;184;1537.5;348;1403.8;1745.2;2019-09;219;0.05
232;Yosuke Watanuki;28.1;1540.5;191;1530.5;242;1479.6;151;1537.2;1798.2;2023-05;294;-0.24
233;Henry Searle;20.2;1540.3;298;1418.5;328;1388.2;138;1550.3;1540.3;2026-06;273;-0.16
234;Ilya Ivashka;32.2;1538.0;213;1509.1;166;1556.6;166;1516.4;1922.5;2021-09;539;-0.83
235;Francesco Maestrelli;23.4;1537.7;176;1550.7;256;1466.2;353;1400.7;1711.4;2022-07;128;0.61
236;Federico Coria;34.2;1537.4;265;1449.3;208;1515.3;421;1370.4;1754.4;2021-07;889;-1.33
237;Brandon Holt;27.7;1536.8;215;1507.1;372;1353.7;179;1507.0;1725.5;2025-02;558;-0.86
238;Dali Blanch;23.2;1535.7;456;1284.9;201;1523.2;234;1467.9;1588.9;2026-06;309;-0.26
239;Dominic Stricker;23.7;1533.1;214;1508.7;246;1474.4;159;1530.0;1798.6;2021-06;343;-0.36
240;Jacopo Vasami;18.5;1532.2;394;1339.8;220;1499.4;239;1466.1;1560.5;2026-06;368;-0.43
241;James Mccabe;22.9;1532.1;235;1481.4;407;1324.6;152;1536.9;1584.1;2025-03;207;0.15
242;Thiago Seyboth Wild;26.2;1531.8;206;1516.0;206;1516.0;221;1478.0;1793.4;2024-05;243;0
243;Rio Noguchi;27.4;1531.7;210;1512.5;427;1307.7;362;1398.0;1588.0;2026-04;213;0.13
244;Daniel Elahi Galan;29.9;1530.5;220;1497.2;227;1492.2;195;1492.2;1757.5;2022-09;297;-0.20
245;Alexander Ritschard;31.7;1528.0;260;1454.4;165;1557.1;232;1469.4;1695.9;2024-07;578;-0.86
246;Stefano Napolitano;31.1;1527.7;259;1456.4;203;1519.8;211;1482.7;1662.1;2024-05;242;0.02
247;Rodrigo Pacheco Mendez;20.9;1526.5;229;1486.9;261;1459.8;243;1463.2;1543.3;2026-04;338;-0.31
248;Alejandro Moro Canas;25.5;1526.4;202;1518.7;240;1483.5;205;1486.6;1673.5;2024-07;233;0.06
249;Lautaro Midon;22.1;1525.7;263;1451.2;215;1508.0;244;1462.9;1546.8;2026-05;230;0.08
250;Petr Brunclik;19.9;1525.5;255;1459.2;250;1469.0;245;1462.8;1565.2;2026-06;334;-0.29
251;Cezar Cretu;25.1;1523.5;268;1447.2;229;1492.1;247;1461.8;1549.2;2026-06;272;-0.08
252;Christopher Eubanks;29.4;1523.4;223;1493.0;303;1414.6;161;1524.2;1864.8;2023-07;639;-0.93
253;Daniel Rincon;23.4;1521.7;208;1513.9;249;1469.4;416;1371.2;1613.8;2023-09;261;-0.03
254;Ugo Blanchet;27.3;1521.3;181;1546.1;275;1440.0;346;1404.4;1662.1;2025-08;170;0.40
255;Igor Ribeiro Marcondes;28.7;1517.1;283;1429.3;218;1504.7;251;1458.5;1649.4;2026-01;328;-0.25
256;Andrej Nedic;21.6;1515.2;279;1432.2;217;1506.1;177;1507.6;1566.0;2026-05;250;0.02
257;Hamish Stewart;26.8;1513.3;239;1478.7;350;1366.7;207;1484.3;1602.2;2025-08;300;-0.15
258;Clement Chidekh;25.0;1512.7;198;1523.1;356;1363.0;333;1412.0;1695.5;2024-03;205;0.23
259;Diego Dedura Palomero;18.2;1512.1;407;1331.5;209;1514.1;322;1419.0;1566.1;2026-06;271;-0.05
260;Henri Squire;25.7;1510.6;257;1459.1;230;1490.3;425;1368.7;1670.0;2024-06;235;0.10
261;Luka Pavlovic;26.1;1510.1;252;1463.7;254;1466.6;210;1482.9;1635.0;2025-07;217;0.18
262;Max Schoenhaus;18.8;1508.4;292;1423.6;255;1466.6;349;1403.3;1547.7;2026-06;335;-0.25
263;Billy Harris;31.3;1508.3;245;1472.8;355;1363.2;169;1516.1;1711.4;2024-06;155;0.53
264;Zdenek Kolar;29.6;1506.4;280;1431.6;237;1484.7;269;1449.8;1621.1;2021-09;154;0.54
265;Arthur Bouquier;25.1;1505.4;234;1482.0;397;1332.6;286;1440.2;1732.0;2025-03;630;-0.87
266;Andres Andrade;27.4;1504.9;285;1426.7;234;1487.0;264;1452.5;1584.8;2024-08;252;0.05
267;Marc Andrea Huesler;29.9;1503.5;227;1489.3;241;1479.8;257;1456.9;1817.0;2023-02;311;-0.15
268;Jay Dylan Hara Friend;22.4;1502.7;237;1480.2;368;1356.2;267;1451.4;1581.8;2025-10;407;-0.42
269;Maxim Mrva;18.8;1500.3;218;1503.5;268;1447.3;188;1500.1;1619.4;2025-03;295;-0.09
270;Felix Gill;24.0;1499.0;217;1503.7;294;1424.4;402;1377.7;1541.7;2026-06;220;0.20
271;Nerman Fatic;31.5;1495.9;303;1417.1;243;1478.3;238;1466.2;1584.4;2023-07;373;-0.32
272;Fajing Sun;29.6;1495.8;243;1473.2;458;1278.3;310;1426.9;1555.0;2026-05;270;0.01
273;Guy Den Ouden;24.1;1495.2;395;1338.5;238;1484.2;340;1408.0;1722.8;2025-08;244;0.11
274;Franco Roncadelli;26.3;1494.6;353;1376.2;244;1478.3;274;1447.3;1552.8;2026-05;245;0.11
275;Raul Brancaccio;29.1;1491.7;296;1421.5;257;1464.6;329;1415.4;1644.9;2023-01;248;0.10
276;Gonzalo Bueno;22.1;1490.7;429;1314.0;251;1469.0;276;1445.4;1602.2;2025-11;182;0.42
277;Oliver Tarvet;22.6;1489.9;254;1460.3;224;1494.9;183;1504.7;1735.2;2025-08;348;-0.23
278;Genaro Alberto Olivieri;27.8;1488.6;380;1353.5;258;1464.0;424;1369.2;1585.6;2023-07;201;0.32
279;Yu Hsiou Hsu;27.2;1488.5;250;1468.4;315;1406.7;434;1364.2;1648.0;2023-11;206;0.30
280;Hyeon Chung;29.9;1488.4;256;1459.1;199;1525.7;356;1400.1;1991.8;2018-03;549;-0.67
281;Li Tu;29.9;1487.9;247;1471.1;345;1370.4;167;1516.4;1633.5;2022-10;421;-0.40
282;Joao Lucas Reis Da Silva;26.2;1485.8;372;1359.3;248;1470.2;280;1442.9;1531.3;2025-11;236;0.18
283;Stefan Dostanic;24.5;1485.4;225;1491.5;322;1399.5;281;1442.7;1604.9;2026-04;275;0.03
284;Trevor Svajda;20.0;1484.9;264;1450.5;375;1352.4;282;1442.4;1625.4;2025-09;466;-0.50
285;Pedro Boscardin Dias;23.3;1480.7;467;1272.6;262;1459.5;285;1440.3;1532.2;2026-04;260;0.09
286;Duje Ajdukovic;25.3;1480.3;253;1462.1;259;1461.9;456;1354.1;1687.6;2024-09;281;0.02
287;Daniil Glinka;26.0;1477.4;226;1491.0;286;1430.5;297;1432.6;1687.5;2026-02;168;0.54
288;Felipe Meligeni Alves;28.1;1477.4;294;1421.9;252;1468.5;191;1497.2;1695.3;2023-10;807;-1.03
289;Nicolas Mejia;26.3;1476.8;291;1423.7;232;1487.8;283;1442.1;1582.4;2026-04;165;0.56
290;Gilles Arnaud Bailly;20.7;1476.4;258;1457.2;278;1438.4;202;1488.2;1665.9;2026-01;210;0.32
291;Shintaro Mochizuki;23.0;1475.1;288;1425.2;282;1432.6;162;1519.7;1714.9;2025-10;151;0.66
292;Antoine Ghibaudo;21.4;1475.0;320;1402.2;293;1425.9;262;1454.1;1518.9;2025-09;298;-0.02
293;Bernard Tomic;33.6;1474.5;276;1441.2;299;1420.2;192;1497.2;1947.4;2015-03;204;0.36
294;Max Hans Rehberg;22.7;1474.1;246;1472.0;324;1398.0;423;1370.0;1575.0;2025-02;510;-0.55
295;Nick Hardt;25.7;1473.1;307;1413.6;260;1460.0;289;1438.3;1619.6;2024-05;267;0.10
296;Norbert Gombos;35.8;1472.0;262;1452.2;264;1455.4;326;1417.5;1753.2;2020-11;364;-0.21
297;Mili Poljicak;21.9;1471.1;444;1296.7;272;1441.6;357;1399.7;1537.4;2026-03;347;-0.16
298;Filippo Romano;20.9;1470.0;228;1489.1;389;1342.1;278;1444.9;1533.1;2026-06;312;-0.05
299;Andrej Martin;36.7;1469.9;358;1372.7;270;1443.9;468;1347.3;1674.7;2014-08;402;-0.30
300;Frederico Ferreira Silva;31.2;1468.4;240;1478.4;318;1404.4;259;1456.5;1642.4;2021-05;231;0.26
301;Mees Rottgering;18.9;1467.5;266;1448.8;277;1438.6;270;1449.6;1495.6;2026-02;469;-0.44
302;Mika Brunold;21.6;1465.8;274;1443.2;316;1406.6;295;1432.9;1510.9;2025-07;408;-0.30
303;Yasutaka Uchiyama;33.8;1462.8;281;1430.7;384;1347.5;327;1417.4;1727.5;2019-10;326;-0.07
304;Juan Manuel La Serna;22.3;1462.8;359;1371.9;266;1449.2;299;1431.4;1485.9;2026-06;287;0.06
305;Ilia Simakin;22.6;1462.7;216;1504.6;455;1282.1;300;1431.3;1679.7;2026-02;304;0
306;Marko Topo;22.7;1462.7;244;1473.0;323;1398.8;284;1440.6;1663.9;2022-04;350;-0.13
307;Enrico Dalla Valle;28.2;1462.1;345;1385.2;276;1439.0;301;1431.0;1543.6;2024-07;359;-0.16
308;Philip Henning;25.6;1461.3;231;1484.5;398;1332.5;217;1480.6;1559.8;2021-09;254;0.19
309;Matej Dodig;20.8;1461.0;315;1406.7;287;1429.7;303;1430.5;1601.7;2024-09;208;0.40
310;Mitchell Krueger;32.3;1460.7;278;1435.5;290;1427.1;313;1423.5;1653.6;2022-04;349;-0.12
311;Dane Sweeny;25.3;1460.4;272;1443.7;448;1287.1;441;1361.7;1645.7;2026-02;127;0.90
312;Max Houkes;25.9;1460.1;437;1304.7;271;1443.8;396;1383.6;1527.7;2026-04;239;0.27
313;Martin Krumich;23.4;1458.9;371;1360.3;296;1423.3;306;1429.4;1513.5;2026-05;282;0.10
314;Christoph Negritu;31.9;1458.7;293;1423.4;288;1428.7;307;1429.3;1540.2;2024-11;489;-0.44
315;Thomas Faurel;20.3;1458.6;382;1353.3;295;1424.0;308;1429.3;1502.6;2026-06;321;-0.02
316;Jay Clarke;27.8;1458.4;297;1420.8;305;1414.2;445;1359.8;1617.4;2018-07;246;0.25
317;Javier Barranco Cosano;27.2;1457.4;327;1398.9;273;1441.3;296;1432.7;1581.0;2024-07;424;-0.29
318;Oriol Roca Batalla;33.1;1456.3;346;1383.1;284;1431.9;380;1389.3;1554.6;2024-06;319;0
319;Petr Nesterov;23.2;1455.8;282;1430.4;313;1409.5;309;1427.9;1493.1;2026-06;369;-0.15
320;Yi Zhou;21.2;1455.6;271;1444.7;437;1298.7;249;1458.9;1610.1;2026-01;240;0.29
321;Beibit Zhukayev;25.5;1455.4;324;1401.7;339;1378.6;174;1509.7;1640.2;2023-11;316;0.02
322;Laurent Lokoli;31.6;1454.7;314;1406.7;269;1444.0;248;1460.7;1608.2;2023-07;476;-0.39
323;Franco Agamenone;33.1;1454.0;387;1346.7;280;1434.1;451;1356.0;1707.6;2021-10;268;0.19
324;Mats Rosenkranz;27.4;1453.5;290;1424.3;412;1320.2;361;1398.4;1503.3;2025-10;352;-0.08
325;Radu Albot;36.6;1452.5;284;1428.8;274;1440.4;194;1495.1;1823.4;2019-05;440;-0.30
326;Andrew Paulson;24.3;1452.4;378;1355.8;291;1426.8;311;1426.2;1560.3;2024-08;602;-0.61
327;George Loffhagen;25.0;1451.8;277;1439.8;434;1301.0;339;1408.2;1649.0;2025-07;301;0.08
328;Benjamin Hassan;31.3;1450.7;329;1397.8;265;1452.4;316;1422.1;1680.2;2023-10;419;-0.24
329;Eliakim Coulibaly;24.1;1449.2;261;1452.6;381;1348.2;312;1424.6;1537.1;2025-05;314;0.05
330;Marc Polmans;29.1;1449.0;306;1414.0;321;1400.0;246;1462.3;1618.1;2019-10;344;-0.04
331;Yuta Shimizu;26.9;1446.4;304;1417.0;426;1309.2;305;1429.8;1590.8;2024-05;356;-0.07
332;Federico Agustin Gomez;29.4;1445.0;319;1402.6;312;1409.8;304;1430.5;1668.6;2024-09;212;0.45
333;Oliver Crawford;27.1;1444.1;309;1412.5;342;1373.2;254;1457.3;1580.7;2023-10;232;0.36
334;Alex Martinez;25.1;1443.1;355;1375.5;297;1422.2;317;1421.6;1501.5;2024-07;351;-0.05
335;Alexander Vasilev;19.1;1442.9;408;1331.4;326;1395.7;318;1421.4;1531.6;2026-03;592;-0.57
336;Guido Ivan Justo;28.4;1442.7;435;1307.0;283;1432.5;319;1421.3;1500.8;2026-02;238;0.34
337;Johannus Monday;24.3;1442.6;302;1417.6;402;1331.3;431;1365.3;1559.8;2026-01;313;0.07
338;Alvaro Guillen Meza;23.4;1442.2;477;1258.2;308;1411.5;352;1401.0;1627.0;2025-11;276;0.20
339;Abedallah Shelbayh;22.5;1441.8;267;1447.9;421;1311.8;275;1447.1;1648.2;2024-02;264;0.25
340;Ryan Peniston;30.2;1441.0;321;1402.0;366;1356.5;287;1440.0;1723.2;2022-06;389;-0.13
341;Juan Pablo Varillas;30.5;1440.1;376;1356.8;285;1430.9;466;1348.2;1730.0;2021-10;308;0.10
342;Calvin Hemery;31.3;1438.9;342;1387.2;267;1448.7;415;1371.6;1651.1;2015-06;291;0.16
343;Lilian Marmousez;24.3;1438.3;338;1389.6;306;1412.7;320;1419.2;1522.8;2026-01;303;0.12
344;Sandro Kopp;26.0;1436.8;413;1328.7;289;1428.0;324;1418.4;1547.1;2025-11;293;0.16
345;Antoine Escoffier;33.6;1435.7;308;1413.4;481;1258.4;443;1360.8;1628.4;2023-03;581;-0.52
346;Daniel Michalski;26.4;1435.4;286;1426.0;330;1386.1;235;1467.7;1590.8;2020-02;302;0.14
347;Edward Winter;21.6;1433.9;316;1404.0;406;1326.9;279;1444.5;1484.5;2026-05;434;-0.22
348;Dimitar Kuzmanov;32.9;1431.4;289;1424.7;327;1393.9;336;1410.6;1640.1;2021-05;427;-0.20
349;Ivan Gakhov;29.4;1430.2;344;1386.6;331;1384.3;386;1386.6;1659.6;2023-05;387;-0.10
350;Stefan Kozlov;28.2;1429.0;312;1408.3;325;1397.2;331;1414.4;1724.4;2022-02;317;0.10
351;Murphy Cassone;23.8;1429.0;336;1392.6;414;1318.6;351;1402.0;1684.9;2025-02;289;0.19
352;Alexander Donski;27.8;1428.1;275;1442.6;348;1368.7;240;1464.1;1558.6;2021-09;528;-0.41
353;Facundo Mena;33.6;1427.0;379;1354.5;317;1405.6;400;1378.2;1616.9;2019-09;354;0
354;Andrea Collarini;34.3;1426.0;420;1322.1;309;1410.9;487;1333.4;1572.5;2019-09;323;0.09
355;Paul Jubb;26.4;1425.8;317;1403.3;393;1338.0;277;1445.2;1632.1;2022-03;331;0.07
356;Marat Sharipov;23.6;1424.6;305;1415.7;353;1364.7;332;1412.3;1613.9;2025-02;381;-0.07
357;Sergey Fomin;25.3;1421.6;361;1369.6;304;1414.2;334;1410.8;1507.2;2026-04;299;0.18
358;Matias Soto;27.1;1421.4;418;1322.6;307;1411.7;335;1410.7;1487.5;2026-04;296;0.19
359;Keegan Smith;27.9;1421.0;332;1394.6;485;1253.6;337;1410.5;1453.4;2026-05;247;0.37
360;Jason Jung;36.9;1420.1;339;1389.2;363;1358.6;328;1417.2;1661.3;2018-03;1107;-1.12
361;Lorenzo Giustino;34.7;1419.8;287;1425.5;370;1354.6;500;1315.7;1643.8;2019-06;226;0.47
362;Dan Added;27.1;1418.0;322;1402.0;450;1285.3;338;1409.0;1565.5;2025-11;237;0.42
363;Matteo Martineau;27.4;1416.9;328;1398.2;360;1360.3;377;1390.7;1624.5;2024-02;336;0.08
364;Blake Ellis;27.3;1416.0;337;1390.4;415;1318.0;341;1408.0;1501.3;2026-03;502;-0.32
365;Moez Echargui;33.4;1415.8;313;1407.8;388;1342.3;383;1387.8;1647.0;2025-09;157;0.84
366;Juan Pablo Ficovich;29.3;1414.6;299;1418.5;332;1383.2;366;1397.4;1597.4;2020-10;197;0.62
367;Petr Bar Biryukov;24.3;1414.3;301;1417.8;401;1331.5;429;1367.3;1488.1;2025-10;286;0.25
368;Ognjen Milic;19.0;1414.3;325;1401.2;310;1410.6;256;1457.1;1513.8;2026-03;357;0.03
369;James Trotter;26.7;1414.2;351;1380.4;367;1356.3;392;1384.9;1658.1;2025-01;420;-0.13
370;Daniel Masur;31.4;1413.4;349;1382.5;329;1387.3;350;1402.2;1621.9;2021-03;379;-0.02
371;Bernabe Zapata Miralles;29.3;1413.1;365;1366.2;314;1407.4;314;1423.5;1779.9;2023-05;;
372;Sascha Gueymard Wayenburg;22.8;1412.5;334;1393.4;347;1369.1;419;1370.7;1563.9;2025-01;283;0.27
373;Matheus Pucinelli De Almeida;25.2;1412.2;471;1270.4;319;1403.9;342;1407.0;1650.0;2022-03;397;-0.06
374;Hady Habib;27.4;1411.6;368;1364.1;279;1435.4;302;1431.0;1624.9;2025-05;600;-0.47
375;Justin Engel;18.6;1411.4;311;1410.5;416;1317.8;292;1434.8;1607.8;2025-11;279;0.30
376;Johan Alexander Rodriguez Rodriguez;22.7;1411.0;340;1389.1;352;1365.1;344;1405.5;1490.1;2026-06;560;-0.40
377;Marek Gengel;30.3;1410.6;352;1377.3;479;1260.0;432;1364.9;1505.8;2023-01;370;0.02
378;Charles Broom;28.1;1408.7;331;1396.1;451;1285.1;388;1385.9;1536.4;2024-06;285;0.28
379;Tibo Colson;25.7;1408.7;383;1351.6;374;1352.5;347;1404.4;1422.6;2026-04;482;-0.24
380;Tung Lin Wu;28.0;1406.1;354;1375.9;298;1421.1;440;1362.5;1605.0;2023-04;345;0.10
381;Maks Kasnikowski;22.9;1400.3;362;1368.8;301;1417.5;268;1450.1;1652.1;2024-06;284;0.29
382;Michael Geerts;31.2;1399.5;347;1382.8;382;1347.9;474;1343.4;1540.6;2023-03;333;0.14
383;Florent Bax;26.9;1399.2;343;1387.0;358;1362.6;358;1399.6;1474.2;2026-01;262;0.38
384;Francesco Forti;26.8;1398.7;416;1323.7;344;1371.7;359;1399.4;1478.8;2019-07;378;0.02
385;Manas Dhamne;18.4;1398.6;335;1393.2;371;1354.1;271;1449.3;1534.7;2026-04;386;0
386;Miguel Damas;26.5;1398.3;412;1328.9;346;1369.7;360;1399.2;1466.4;2026-04;280;0.32
387;Marvin Moeller;27.3;1396.2;366;1364.8;333;1383.1;272;1448.1;1567.7;2021-07;372;0.04
388;Oleg Prihodko;28.6;1395.4;318;1403.2;400;1331.7;363;1397.7;1514.0;2021-12;428;-0.10
389;Hernan Casanova;32.3;1393.2;473;1262.9;337;1381.1;430;1365.8;1474.0;2022-09;409;-0.05
390;Milos Karol;23.5;1393.1;401;1333.2;351;1365.7;368;1396.6;1457.6;2025-10;445;-0.13
391;Luciano Emanuel Ambrogi;22.5;1392.1;489;1247.2;335;1381.8;370;1396.1;1436.0;2026-06;320;0.20
392;Alastair Gray;28.0;1390.4;360;1370.4;430;1305.2;473;1344.9;1526.5;2024-01;277;0.35
393;Philip Sekulic;22.6;1390.0;369;1363.3;464;1273.8;450;1356.8;1533.1;2024-07;322;0.20
394;Jakub Paul;27.0;1389.2;393;1340.1;383;1347.6;371;1394.6;1506.3;2025-08;527;-0.29
395;Geoffrey Blancaneaux;27.8;1387.4;356;1374.9;341;1376.0;495;1321.7;1591.5;2023-05;390;0.01
396;Filip Cristian Jianu;24.7;1387.2;436;1305.4;359;1362.1;413;1371.8;1578.5;2019-09;278;0.35
397;Federico Bondioli;21.1;1387.2;491;1246.7;340;1377.9;454;1354.8;1422.6;2025-06;363;0.09
398;Rudolf Molleker;25.4;1386.8;392;1340.8;334;1381.9;438;1362.7;1712.9;2019-06;484;-0.20
399;Jonas Forejtek;25.2;1386.8;403;1332.9;354;1363.5;405;1376.4;1614.5;2022-05;315;0.24
400;Dmitry Popko;29.4;1385.2;326;1399.6;396;1334.0;493;1322.8;1631.7;2020-01;652;-0.49
401;Nicolas Kicker;33.8;1384.6;389;1345.2;343;1373.2;478;1341.8;1706.2;2018-05;327;0.20
402;Braden Shick;22.5;1384.5;374;1358.0;413;1319.2;373;1392.3;1404.1;2026-06;325;0.21
403;Samir Banerjee;22.1;1383.9;370;1361.0;431;1302.0;374;1392.0;1472.4;2025-09;418;-0.04
404;Jie Cui;28.2;1382.9;381;1353.5;488;1249.3;375;1391.5;1491.5;2025-05;470;-0.15
405;Quinn Vandecasteele;23.7;1382.7;363;1367.8;432;1301.3;462;1351.9;1409.2;2026-03;455;-0.12
406;Mathys Erhard;24.6;1381.7;386;1348.3;377;1351.4;376;1390.8;1455.1;2025-11;377;0.07
407;Aidan Mayo;23.0;1380.2;373;1358.9;420;1312.9;369;1396.3;1541.1;2024-11;561;-0.32
408;Khumoun Sultanov;27.4;1379.1;364;1367.1;460;1277.7;354;1400.2;1553.9;2025-02;;
409;Murkel Alejandro Dellien Velasco;28.6;1378.6;375;1357.2;349;1368.2;427;1368.2;1602.5;2022-01;307;0.29
410;Tom Paris;23.7;1377.4;377;1355.9;418;1316.7;381;1388.7;1497.2;2025-11;391;0.05
411;Tommaso Compagnucci;26.6;1375.9;492;1244.5;357;1362.9;382;1387.9;1405.9;2026-06;365;0.12
412;Denis Yevseyev;33.0;1375.2;357;1373.2;390;1340.8;365;1397.5;1565.7;2024-01;448;-0.08
413;Alex Barrena;23.6;1374.9;480;1255.6;385;1346.6;384;1387.5;1596.1;2025-07;253;0.49
414;Lucio Ratti;22.3;1373.5;430;1310.2;378;1350.3;385;1386.8;1406.9;2026-06;398;0.04
415;Michele Ribecai;23.3;1372.9;449;1288.8;362;1359.0;387;1386.5;1437.5;2026-06;265;0.45
416;Alfredo Perez;28.4;1371.6;400;1333.4;338;1379.7;389;1385.8;1451.2;2025-10;610;-0.38
417;Henry Bernet;19.3;1371.5;428;1315.8;373;1353.0;390;1385.8;1537.6;2025-11;458;-0.09
418;Tyler Zink;25.3;1370.8;384;1350.9;440;1293.5;355;1400.2;1473.9;2025-10;330;0.24
419;Niels Visker;24.7;1370.7;367;1364.5;476;1261.7;364;1397.6;1420.6;2026-06;453;-0.08
420;Gabi Adrian Boitan;26.8;1369.8;388;1345.3;376;1351.5;291;1434.9;1488.6;2022-03;394;0.06
421;Stefan Palosi;26.1;1368.8;445;1294.4;369;1354.7;393;1384.4;1405.5;2026-02;411;0.02
422;Juan Bautista Torres;24.2;1368.6;452;1286.4;365;1356.6;394;1384.3;1586.6;2022-07;290;0.38
423;Akira Santillan;29.0;1366.9;391;1342.5;408;1324.5;477;1342.1;1658.6;2017-08;310;0.31
424;Eero Vasa;29.3;1364.2;415;1326.2;386;1344.8;298;1432.1;1415.6;2016-03;451;-0.06
425;Hayato Matsuoka;21.3;1360.6;406;1331.7;443;1290.3;397;1380.3;1542.5;2026-03;346;0.21
426;Gonzalo Villanueva;31.4;1360.5;493;1243.6;379;1350.1;398;1380.2;1454.7;2022-05;355;0.18
427;Carlos Sanchez Jover;25.9;1360.1;487;1250.3;391;1340.7;399;1380.0;1440.5;2023-09;366;0.15
428;Mert Alkaya;25.9;1358.0;397;1336.6;409;1323.4;391;1385.8;1499.5;2026-04;332;0.25
429;Eduardo Ribeiro;28.2;1355.8;479;1256.4;387;1342.8;401;1377.9;1463.2;2026-03;375;0.13
430;Kaichi Uchida;31.7;1354.9;410;1331.4;436;1298.8;379;1390.1;1571.8;2023-02;257;0.51
431;Nicolas Alvarez Varona;25.0;1353.4;350;1382.0;433;1301.2;403;1376.7;1526.2;2022-11;457;-0.06
432;Hiroki Moriya;35.6;1352.8;424;1320.8;484;1254.8;459;1353.6;1584.0;2012-12;472;-0.09
433;Justin Boulais;24.5;1351.7;414;1326.4;449;1285.9;406;1375.9;1416.6;2023-07;396;0.09
434;Alex Rybakov;29.2;1351.7;432;1309.8;425;1310.5;367;1397.0;1516.5;2022-07;432;0
435;Niels Mcdonald;18.4;1351.1;490;1246.9;361;1359.5;408;1375.6;1397.5;2025-07;569;-0.27
436;Daniel Milavsky;24.6;1348.5;396;1337.1;467;1267.4;453;1355.0;1406.9;2026-02;367;0.17
437;Maximus Jones;21.6;1347.8;423;1321.8;419;1316.4;410;1373.9;1524.4;2025-04;437;0
438;Valerio Aboian;24.0;1347.5;499;1233.6;392;1339.0;411;1373.7;1371.8;2026-06;442;-0.01
439;Alexandr Binda;24.5;1346.0;451;1287.0;399;1331.8;412;1373.0;1450.9;2025-07;480;-0.09
440;Tai Sach;23.5;1343.4;421;1321.9;456;1281.7;414;1371.7;1436.6;2026-02;508;-0.14
441;Cannon Kingsley;24.9;1342.3;390;1344.5;475;1262.4;417;1371.1;1468.0;2023-09;429;0.03
442;Luca Potenza;25.9;1342.1;427;1317.3;438;1297.1;418;1371.0;1470.3;2022-06;438;0.01
443;Sergio Callejon Hernando;21.7;1340.3;438;1304.4;422;1311.8;422;1370.1;1418.7;2026-03;441;0
444;Olaf Pieczkowski;21.8;1338.4;409;1331.4;403;1329.4;321;1419.2;1621.0;2023-11;583;-0.27
445;Andres Martin;24.8;1337.0;405;1331.7;428;1306.1;323;1418.5;1603.6;2022-07;306;0.37
446;Mae Malige;19.9;1336.9;433;1308.6;499;1229.1;426;1368.4;1435.8;2025-10;546;-0.20
447;Ioannis Xilas;25.0;1336.7;398;1336.3;394;1337.7;325;1418.4;1652.3;2025-08;362;0.21
448;Garrett Johns;25.3;1336.2;417;1323.4;442;1291.1;428;1368.1;1534.5;2025-08;382;0.16
449;Corentin Denolly;28.8;1331.3;469;1271.4;441;1292.5;460;1352.3;1455.6;2025-03;423;0.06
450;Patrick Zahraj;26.8;1330.8;419;1322.3;480;1258.6;407;1375.9;1596.7;2025-03;401;0.12
451;Santiago Fa Rodriguez Taverna;26.9;1330.8;454;1286.1;411;1321.7;461;1352.1;1672.6;2022-01;384;0.16
452;Conner Huertas Del Pino;30.5;1329.3;434;1307.1;424;1310.7;433;1364.6;1393.4;2026-06;641;-0.35
453;Miguel Tobon;20.0;1328.4;441;1300.8;423;1311.2;409;1375.1;1600.3;1995-09;463;-0.02
454;James Watt;25.9;1328.3;422;1321.9;496;1238.9;447;1359.6;1360.2;2026-01;678;-0.40
455;Federico Arnaboldi;25.9;1328.2;442;1300.0;445;1289.0;486;1333.6;1623.0;2024-08;585;-0.25
456;Masamichi Imamura;27.5;1327.9;443;1297.0;463;1273.9;435;1363.9;1394.5;2024-11;417;0.09
457;Karim Bennani;18.7;1326.7;385;1349.1;472;1263.3;436;1363.3;1522.8;2026-04;517;-0.12
458;Jacopo Berrettini;27.2;1325.4;478;1257.8;395;1335.8;439;1362.7;1592.3;2024-05;503;-0.09
459;Olukayode Alafia Damina Ayeni;26.7;1323.9;431;1310.0;498;1229.5;497;1318.2;1374.8;2022-10;444;0.03
460;Luis Guto Miguel;17.1;1322.0;472;1267.1;417;1317.1;442;1361.0;1351.0;2026-05;829;-0.59
461;Pietro Fellin;24.8;1321.5;439;1303.8;491;1245.4;444;1360.8;1419.7;2026-02;446;0.03
462;Patrick Maloney;25.6;1320.7;465;1273.3;410;1322.0;420;1370.7;1467.5;2025-07;781;-0.53
463;Viktor Durasovic;29.2;1320.0;411;1329.2;473;1263.2;509;1303.7;1494.2;2025-02;481;-0.04
464;Neil Oberleitner;26.4;1319.6;453;1286.4;465;1271.8;446;1359.8;1378.0;2024-07;616;-0.28
465;Robin Bertrand;23.2;1318.8;425;1320.6;506;1220.6;448;1359.4;1540.9;2024-07;324;0.36
466;Johan Nikles;29.0;1318.7;466;1273.0;429;1306.1;449;1359.3;1535.7;2022-06;425;0.09
467;Karl Poling;26.8;1313.7;426;1320.3;507;1216.4;502;1315.2;1328.1;2026-06;506;-0.08
468;Blaise Bicknell;24.4;1313.2;448;1289.5;447;1287.4;343;1406.6;1587.2;2024-02;318;0.39
469;Dan Martin;26.9;1313.2;462;1276.1;462;1274.7;491;1328.7;1374.1;2025-11;497;-0.06
470;Jelle Sels;30.8;1312.5;402;1333.0;453;1282.7;529;1252.5;1640.8;2022-11;490;-0.04
471;Cruz Hewitt;17.1;1310.7;447;1292.5;469;1265.3;452;1355.3;1349.3;2026-02;606;-0.25
472;Tsung Hao Huang;26.2;1308.8;460;1279.6;470;1264.4;455;1354.4;1406.7;2023-10;612;-0.26
473;Arda Azkara;23.1;1307.7;446;1292.9;471;1263.8;458;1353.8;1352.0;2026-06;697;-0.39
474;Svyatoslav Gulin;23.5;1307.7;476;1258.3;435;1299.1;457;1353.9;1402.2;2023-11;584;-0.21
475;Daniel Dutra Da Silva;37.9;1307.0;500;1232.2;454;1282.2;482;1339.6;1519.5;2009-02;413;0.14
476;Sasi Kumar Mukund;29.3;1305.7;458;1281.1;494;1241.0;499;1316.2;1498.8;2019-02;545;-0.14
477;Ivan Marrero Curbelo;27.6;1302.5;497;1237.3;405;1327.8;463;1351.3;1322.5;2026-05;374;0.24
478;Kaylan Bigun;19.8;1301.7;464;1274.9;495;1239.8;464;1350.9;1423.0;2025-08;507;-0.06
479;Olle Wallin;24.6;1299.7;461;1278.0;446;1288.8;465;1349.8;1488.2;2025-07;447;0.07
480;Maxime Janvier;29.6;1297.3;457;1281.6;478;1260.9;470;1346.9;1601.5;2019-09;572;-0.18
481;Omar Jasika;28.9;1295.9;468;1271.9;492;1244.9;531;1242.5;1669.1;2017-02;531;-0.10
482;Lucas Poullain;30.5;1295.3;455;1286.0;502;1225.5;467;1347.7;1590.8;2023-10;431;0.11
483;Robert Strombachs;26.6;1294.4;450;1287.2;483;1255.8;469;1347.2;1479.9;2025-05;452;0.07
484;Carl Emil Overbeck;24.6;1292.9;470;1271.2;482;1256.5;471;1346.5;1413.1;2025-11;430;0.12
485;Alejo Sanchez Quilez;20.9;1292.8;474;1262.1;466;1268.2;472;1346.4;1390.8;2026-03;498;-0.03
486;Pierluigi Basile;19.4;1286.1;512;1195.6;439;1296.6;475;1343.0;1426.9;2025-06;839;-0.55
487;Kasidit Samrej;25.2;1285.4;475;1259.8;364;1356.9;372;1392.7;1424.3;2019-04;388;0.23
488;Juan Estevez;20.7;1284.3;485;1252.2;461;1276.7;476;1342.2;1350.7;2026-06;341;0.36
489;Taha Baadi;24.6;1282.1;488;1249.6;457;1279.8;506;1305.3;1300.1;2025-09;519;-0.06
490;Carlo Alberto Caniato ;20.6;1281.5;502;1228.6;459;1277.9;479;1340.7;1451.2;2025-09;;
491;Joaquin  Aguilar Cardozo ;21.2;1281.4;440;1302.5;452;1284.6;378;1390.7;1554.4;2023-09;;
492;Pedro Sakamoto;32.9;1281.1;482;1254.4;468;1266.3;480;1340.5;1495.6;2019-05;496;-0.01
493;Adria Soriano Barrera;26.7;1279.6;459;1280.9;503;1225.5;481;1339.8;1429.0;2025-07;433;0.13
494;Alan Magadan;24.8;1274.1;463;1275.1;497;1237.7;483;1337.1;1381.1;2025-07;632;-0.25
495;Yusuke Takahashi;28.6;1267.7;494;1243.3;474;1262.5;484;1333.9;1451.5;2018-01;666;-0.30
496;Raphael Perot;24.9;1267.6;501;1230.8;477;1261.2;485;1333.8;1293.7;2026-06;395;0.23
497;Aristotelis Thanos;24.6;1267.4;481;1254.6;404;1328.2;395;1383.7;1576.3;2025-02;573;-0.14
498;Christian Langmo;29.8;1266.5;483;1254.0;527;1140.8;488;1333.2;1411.8;2023-04;464;0.07
499;San Hui Sin;29.0;1265.1;495;1242.2;493;1242.6;489;1332.6;1314.1;2025-08;449;0.11
500;Max Wiskandt;24.3;1262.7;504;1226.1;486;1253.1;508;1304.1;1454.0;2025-04;537;-0.07
501;Juan Alejandro Hernandez Serrano;26.9;1260.0;484;1253.7;504;1221.6;490;1330.0;1315.8;2026-04;422;0.17
502;Gabriele Piraino;22.6;1253.7;509;1201.8;489;1247.8;492;1326.8;1397.2;2026-02;371;0.30
503;Bor Artnak;21.9;1253.3;496;1241.0;444;1290.2;404;1376.7;1587.4;2022-09;435;0.15
504;Mateus Alves;25.2;1244.5;526;1146.2;490;1246.9;494;1322.3;1422.1;2024-11;456;0.10
505;Naoya Honda;20.1;1239.5;498;1236.3;512;1203.1;496;1319.8;1290.3;2026-03;771;-0.42
506;Aryan Shah;20.3;1235.2;503;1227.9;501;1226.1;498;1317.6;1524.6;2025-07;617;-0.20
507;Filip Peliwo;32.3;1233.6;507;1210.8;487;1251.5;521;1280.6;1570.6;2014-04;479;0.06
508;Juan Sebastian Gomez;34.2;1230.8;508;1206.3;505;1220.9;501;1315.4;1319.2;2017-09;562;-0.10
509;Renta Tokuda;28.0;1223.7;511;1196.6;521;1173.1;503;1311.8;1380.8;2018-05;392;0.26
510;Vadym Ursu;29.2;1222.7;513;1195.6;522;1167.6;518;1290.3;1281.3;2025-11;393;0.26
511;Saba Purtseladze;24.7;1220.3;486;1251.8;531;1110.1;520;1288.2;1466.8;2025-05;649;-0.24
512;Lorenzo Joaquin Rodriguez;26.7;1218.5;514;1185.4;510;1209.1;504;1309.3;1362.4;2024-04;454;0.12
513;Dominik Palan;25.6;1214.0;510;1201.3;516;1195.2;505;1307.0;1441.5;2023-07;500;0.03
514;Moerani Bouzige;26.7;1210.6;517;1179.6;508;1215.3;507;1305.3;1416.7;2024-12;443;0.15
515;Kokoro Isomura;23.3;1205.7;519;1176.3;509;1212.9;510;1302.9;1428.8;2024-11;557;-0.08
516;Joao Eduardo Schiessl;21.7;1201.5;520;1173.9;513;1203.0;511;1300.7;1394.0;2025-10;504;0.02
517;Carlos Maria Zarate;;1199.9;505;1212.2;518;1187.0;512;1300.0;1301.9;2025-10;412;0.23
518;Andrew Fenty;26.2;1199.3;516;1182.7;515;1197.8;513;1299.6;1297.0;2026-01;400;0.26
519;Mariano Kestelboim;30.1;1198.4;523;1170.6;517;1189.0;514;1299.2;1312.1;2025-06;686;-0.28
520;Mitsuki Wei Kang Leong;21.7;1192.0;522;1173.6;511;1206.0;515;1296.0;1291.1;2024-09;547;-0.05
521;Tomasz Berkieta;19.9;1182.2;506;1211.1;525;1152.8;516;1291.1;1302.8;2025-11;543;-0.04
522;Ryan Dickerson;29.0;1180.8;521;1173.8;519;1186.9;517;1290.4;1234.9;2026-05;596;-0.13
523;Sebastian Gima;24.0;1179.0;527;1143.2;520;1183.1;519;1289.5;1251.0;2025-08;516;0.01
524;Tiago Pereira;21.9;1178.8;529;1142.3;514;1200.1;528;1255.5;1406.9;2025-08;337;0.44
525;Luca Castelnuovo;29.3;1175.7;525;1165.9;524;1162.3;527;1260.2;1285.6;2026-02;410;0.25
526;Lorenzo Carboni;20.2;1160.5;531;1123.4;523;1165.6;522;1280.2;1325.2;2023-08;474;0.10
527;Paulo Andre Saraiva Dos Santos;25.9;1154.1;524;1166.2;526;1143.8;523;1277.0;1327.3;2026-03;512;0.03
528;Bruno Fernandez;21.9;1149.3;515;1184.6;528;1139.4;524;1274.6;1363.7;2026-02;628;-0.17
529;Nicolas Villalon;22.3;1135.4;518;1177.7;530;1127.6;525;1267.7;1217.7;2026-04;667;-0.23
530;Karan Singh;22.9;1133.9;532;1090.4;500;1227.7;526;1267.0;1339.8;2025-02;487;0.08
531;Jake Delaney;28.9;1103.0;533;1088.3;529;1131.7;530;1251.5;1252.3;2025-11;383;0.33
532;Santiago De La Fuente;24.3;1066.2;528;1143.1;532;1063.0;532;1233.1;1198.3;2022-04;626;-0.16
533;Maximo Zeitune;19.2;1043.6;530;1131.8;533;1032.8;533;1221.8;1229.7;2026-01;627;-0.16