Elo Rank,Player,Age,Elo,Unnamed: 4,hElo Rank,hElo,cElo Rank,cElo,gElo Rank,gElo,Unnamed: 11,Peak Elo,Peak Month,Unnamed: 14,ATP Rank,Log diff
1,Jannik Sinner,24.7,2319.8,,1.0,2263.2,1.0,2215.7,1.0,2088.3,,2339.8,2026-05,,1.0,0.0
2,Carlos Alcaraz,22.9,2161.8,,2.0,2088.3,2.0,2101.6,2.0,2029.2,,2308.5,2026-03,,2.0,0.0
3,Alexander Zverev,29.1,2099.7,,3.0,2041.5,3.0,2051.1,4.0,1913.6,,2176.5,2022-01,,3.0,0.0
4,Novak Djokovic,39.0,2059.3,,4.0,2021.7,5.0,1959.2,3.0,1924.9,,2463.2,2016-05,,8.0,-0.69
5,Arthur Fils,21.8,2000.6,,8.0,1929.7,7.0,1935.1,17.0,1776.4,,2051.0,2026-04,,24.0,-1.57
6,Rafael Jodar,19.6,1998.6,,17.0,1872.7,6.0,1948.9,39.0,1699.3,,2014.0,2026-05,,26.0,-1.47
7,Casper Ruud,27.4,1983.1,,13.0,1888.7,4.0,1973.0,29.0,1714.8,,2071.9,2022-05,,12.0,-0.54
8,Daniil Medvedev,30.3,1977.4,,5.0,1962.3,8.0,1889.0,7.0,1855.1,,2201.2,2022-01,,9.0,-0.12
9,Alex De Minaur,27.3,1960.8,,6.0,1935.4,11.0,1869.2,8.0,1833.8,,2053.1,2024-06,,6.0,0.41
10,Ben Shelton,23.6,1960.3,,9.0,1921.6,19.0,1845.0,5.0,1863.3,,2024.4,2025-08,,5.0,0.69
11,Felix Auger Aliassime,25.8,1957.9,,7.0,1932.2,14.0,1863.9,13.0,1789.1,,2062.7,2022-10,,4.0,1.01
12,Tommy Paul,29.0,1948.5,,15.0,1881.2,9.0,1885.5,11.0,1800.8,,2028.8,2025-05,,25.0,-0.73
13,Learner Tien,20.5,1941.1,,11.0,1904.3,26.0,1821.4,32.0,1711.3,,1977.4,2026-03,,17.0,-0.27
14,Jakub Mensik,20.7,1931.3,,12.0,1892.9,16.0,1861.1,28.0,1715.7,,1969.6,2026-02,,18.0,-0.25
15,Francisco Cerundolo,27.8,1931.0,,16.0,1880.1,12.0,1868.3,15.0,1783.5,,1961.6,2025-04,,21.0,-0.34
16,Joao Fonseca,19.8,1927.6,,10.0,1913.7,17.0,1856.3,43.0,1686.1,,1992.5,2025-03,,27.0,-0.52
17,Jiri Lehecka,24.5,1921.6,,14.0,1882.1,24.0,1825.5,12.0,1798.4,,1989.9,2025-10,,14.0,0.19
18,Frances Tiafoe,28.3,1918.0,,18.0,1861.4,23.0,1827.4,9.0,1823.3,,1974.0,2023-06,,19.0,-0.05
19,Taylor Fritz,28.6,1909.0,,23.0,1838.5,43.0,1760.9,6.0,1856.6,,2070.2,2025-09,,7.0,1.0
20,Alexander Blockx,21.1,1905.5,,32.0,1793.1,13.0,1867.9,40.0,1697.8,,1907.2,2026-05,,36.0,-0.59
21,Valentin Vacherot,27.5,1902.6,,19.0,1852.2,33.0,1788.8,99.0,1605.3,,1929.6,2026-04,,20.0,0.05
22,Andrey Rublev,28.6,1902.2,,20.0,1848.5,10.0,1872.4,14.0,1784.4,,2122.1,2021-04,,13.0,0.53
23,Flavio Cobolli,24.1,1896.3,,28.0,1809.6,15.0,1862.4,23.0,1742.2,,1914.6,2026-05,,10.0,0.83
24,Raphael Collignon,24.4,1893.5,,24.0,1836.8,28.0,1813.2,37.0,1702.3,,1924.1,2026-05,,43.0,-0.58
25,Alejandro Davidovich Fokina,27.0,1893.2,,22.0,1842.4,29.0,1813.0,16.0,1782.0,,1934.8,2025-07,,23.0,0.08
26,Alexander Bublik,28.9,1889.2,,25.0,1836.7,25.0,1822.4,10.0,1802.0,,1988.6,2026-01,,11.0,0.86
27,Lorenzo Musetti,24.1,1868.8,,29.0,1803.5,18.0,1852.6,22.0,1750.4,,2050.5,2025-05,,15.0,0.59
28,Ugo Humbert,27.9,1867.7,,21.0,1843.3,49.0,1732.1,18.0,1768.6,,2017.7,2024-03,,30.0,-0.07
29,Tomas Machac,25.6,1865.9,,26.0,1829.3,37.0,1782.8,35.0,1705.9,,1972.7,2025-04,,49.0,-0.52
30,Dino Prizmic,20.8,1840.8,,57.0,1733.1,30.0,1802.8,100.0,1599.7,,1886.5,2026-05,,89.0,-1.09
31,Hamad Medjedovic,22.9,1840.5,,49.0,1744.1,27.0,1816.3,50.0,1662.2,,1859.9,2026-05,,68.0,-0.79
32,Brandon Nakashima,24.8,1839.0,,34.0,1787.7,47.0,1734.9,19.0,1756.7,,1909.5,2024-09,,31.0,0.03
33,Luciano Darderi,24.3,1834.5,,86.0,1678.3,21.0,1835.6,79.0,1630.7,,1858.1,2026-05,,16.0,0.72
34,Stefanos Tsitsipas,27.8,1833.1,,30.0,1802.5,20.0,1840.8,48.0,1673.3,,2145.1,2021-05,,87.0,-0.94
35,Matteo Berrettini,30.1,1831.4,,31.0,1797.4,32.0,1790.1,24.0,1739.0,,2065.7,2022-07,,51.0,-0.38
36,Matteo Arnaldi,25.3,1829.7,,59.0,1732.2,22.0,1830.3,81.0,1630.3,,1902.9,2024-06,,35.0,0.03
37,Cameron Norrie,30.8,1828.8,,33.0,1789.0,34.0,1787.7,27.0,1719.3,,2028.6,2022-08,,29.0,0.24
38,Karen Khachanov,30.0,1828.1,,36.0,1782.9,35.0,1787.3,25.0,1724.8,,2029.5,2018-10,,22.0,0.55
39,Alex Michelsen,21.7,1825.0,,27.0,1810.1,72.0,1694.4,33.0,1710.1,,1904.8,2025-01,,46.0,-0.17
40,Jack Draper,24.4,1822.3,,37.0,1782.5,69.0,1696.6,36.0,1704.0,,2103.8,2025-04,,131.0,-1.19
41,Mariano Navone,25.3,1822.2,,77.0,1692.9,31.0,1800.1,123.0,1566.6,,1875.9,2024-04,,38.0,0.08
42,Ignacio Buse,22.2,1822.0,,102.0,1661.6,36.0,1786.2,78.0,1631.4,,1844.9,2026-05,,34.0,0.21
43,Alejandro Tabilo,29.0,1819.3,,46.0,1749.9,38.0,1781.3,49.0,1670.3,,1895.7,2024-07,,33.0,0.26
44,Tomas Martin Etcheverry,26.9,1812.0,,41.0,1765.7,39.0,1767.2,118.0,1574.7,,1871.7,2023-05,,32.0,0.32
45,Sebastian Korda,25.6,1808.6,,42.0,1765.0,87.0,1669.9,46.0,1679.0,,2020.7,2023-01,,63.0,-0.34
46,Zizou Bergs,27.0,1807.8,,45.0,1756.8,70.0,1696.3,31.0,1711.9,,1859.2,2025-03,,37.0,0.22
47,Ethan Quinn,22.2,1804.1,,40.0,1767.2,77.0,1688.2,30.0,1712.2,,1842.9,2026-03,,47.0,0.0
48,Gael Monfils,39.7,1803.3,,35.0,1783.5,80.0,1684.9,62.0,1651.8,,2087.1,2016-10,,266.0,-1.71
49,Kamil Majchrzak,30.4,1800.6,,53.0,1739.2,55.0,1723.4,20.0,1756.6,,1813.1,2025-10,,45.0,0.09
50,Pablo Carreno Busta,34.8,1800.5,,50.0,1744.0,40.0,1766.6,101.0,1598.0,,2005.1,2021-08,,71.0,-0.35
51,Marin Cilic,37.7,1800.4,,44.0,1761.5,66.0,1701.2,21.0,1756.3,,2100.4,2010-02,,62.0,-0.2
52,Hubert Hurkacz,29.3,1798.2,,62.0,1726.5,41.0,1762.2,38.0,1699.9,,2022.5,2024-06,,96.0,-0.61
53,Eliot Spizzirri,24.4,1796.1,,43.0,1765.0,149.0,1584.1,82.0,1630.0,,1835.5,2026-02,,97.0,-0.6
54,Arthur Cazaux,23.5,1792.9,,54.0,1737.6,65.0,1702.8,55.0,1658.7,,1811.9,2025-10,,78.0,-0.37
55,Juan Manuel Cerundolo,24.5,1790.4,,104.0,1657.5,42.0,1761.6,120.0,1570.4,,1803.9,2026-06,,42.0,0.27
56,Tallon Griekspoor,29.9,1789.3,,38.0,1776.5,54.0,1725.7,26.0,1720.7,,1951.8,2025-06,,58.0,-0.04
57,Fabian Marozsan,26.7,1784.3,,48.0,1746.6,57.0,1715.7,59.0,1653.6,,1867.2,2024-04,,53.0,0.07
58,Yannick Hanfmann,34.6,1781.2,,64.0,1720.9,45.0,1741.4,69.0,1640.2,,1843.4,2023-06,,56.0,0.04
59,Arthur Rinderknech,30.8,1779.9,,47.0,1747.6,60.0,1712.5,66.0,1644.9,,1871.8,2025-10,,28.0,0.75
60,Jordan Thompson,31.7,1772.4,,58.0,1732.6,134.0,1604.6,34.0,1708.7,,1891.2,2024-12,,156.0,-0.96
61,Denis Shapovalov,27.1,1771.2,,39.0,1775.1,84.0,1676.4,72.0,1636.2,,1983.2,2020-01,,41.0,0.4
62,Nuno Borges,29.3,1769.0,,67.0,1714.1,53.0,1725.9,58.0,1655.5,,1843.6,2025-03,,48.0,0.26
63,Miomir Kecmanovic,26.8,1768.4,,70.0,1709.0,48.0,1732.9,67.0,1641.1,,1900.6,2022-04,,50.0,0.23
64,Jaume Munar,29.1,1765.8,,51.0,1743.0,64.0,1705.6,105.0,1593.0,,1830.4,2025-10,,44.0,0.37
65,Camilo Ugo Carabelli,26.9,1759.2,,117.0,1641.5,46.0,1740.6,193.0,1496.2,,1771.9,2025-05,,59.0,0.1
66,Sebastian Baez,25.4,1758.9,,71.0,1708.6,56.0,1717.6,141.0,1545.9,,1941.4,2022-07,,57.0,0.15
67,Holger Rune,22.4,1756.9,,63.0,1724.5,51.0,1728.7,83.0,1628.4,,2082.0,2023-05,,77.0,-0.14
68,Pablo Llamas Ruiz,23.6,1756.8,,122.0,1630.4,50.0,1732.1,121.0,1569.6,,1773.5,2026-06,,119.0,-0.56
69,Marton Fucsovics,34.3,1755.6,,65.0,1719.0,78.0,1685.9,41.0,1694.7,,1924.2,2021-03,,76.0,-0.1
70,Roman Safiullin,28.8,1749.7,,73.0,1703.5,44.0,1754.1,85.0,1626.8,,1911.3,2024-01,,132.0,-0.63
71,Benjamin Bonzi,29.9,1749.1,,68.0,1713.0,119.0,1621.7,47.0,1677.9,,1835.8,2022-06,,93.0,-0.27
72,Reilly Opelka,28.7,1748.9,,56.0,1733.8,99.0,1644.0,76.0,1634.6,,1927.5,2022-04,,115.0,-0.47
73,Rinky Hijikata,25.3,1747.6,,76.0,1693.7,154.0,1577.3,44.0,1681.8,,1756.7,2026-06,,82.0,-0.12
74,Juncheng Shang,21.0,1745.8,,75.0,1698.4,103.0,1640.2,63.0,1650.8,,1895.7,2024-09,,274.0,-1.31
75,Toby Samuel,23.7,1745.3,,60.0,1728.6,107.0,1635.4,103.0,1594.6,,1787.0,2026-04,,123.0,-0.49
76,Corentin Moutet,27.1,1744.7,,61.0,1726.8,75.0,1692.0,65.0,1647.6,,1881.9,2025-10,,39.0,0.67
77,Soon Woo Kwon,28.5,1744.4,,66.0,1715.6,115.0,1625.3,111.0,1589.0,,1830.7,2023-01,,200.0,-0.95
78,Daniel Merida Aguilar,21.7,1743.6,,90.0,1675.5,67.0,1700.0,133.0,1556.7,,1798.1,2026-05,,84.0,-0.07
79,Grigor Dimitrov,35.1,1743.5,,55.0,1735.6,98.0,1647.4,51.0,1661.9,,2111.5,2014-08,,146.0,-0.61
80,Botic Van De Zandschulp,30.6,1742.9,,69.0,1710.5,76.0,1690.3,102.0,1595.0,,1938.0,2022-09,,54.0,0.39
81,Yibing Wu,26.6,1742.8,,52.0,1740.8,86.0,1670.2,164.0,1517.2,,1882.9,2023-03,,102.0,-0.23
82,Alex Molcan,28.5,1742.2,,109.0,1652.5,61.0,1711.8,87.0,1624.1,,1872.5,2022-07,,101.0,-0.21
83,Alexei Popyrin,26.8,1741.2,,83.0,1680.5,52.0,1726.6,113.0,1585.1,,1902.2,2024-10,,103.0,-0.22
84,Thiago Agustin Tirante,25.1,1740.6,,119.0,1636.0,58.0,1714.8,125.0,1564.4,,1759.1,2026-05,,55.0,0.42
85,Adolfo Daniel Vallejo,22.1,1740.0,,199.0,1519.7,62.0,1708.2,109.0,1590.2,,1780.4,2026-05,,72.0,0.17
86,Vit Kopriva,29.0,1739.7,,96.0,1670.2,68.0,1699.4,91.0,1621.7,,1760.5,2025-05,,64.0,0.3
87,Giovanni Mpetshi Perricard,22.9,1737.6,,94.0,1671.8,85.0,1672.7,53.0,1661.6,,1862.8,2024-12,,83.0,0.05
88,Jaime Faria,22.8,1735.4,,131.0,1615.2,63.0,1706.3,88.0,1623.9,,1755.4,2026-06,,98.0,-0.11
89,Daniel Altmaier,27.7,1733.8,,110.0,1651.5,74.0,1692.8,95.0,1611.0,,1789.1,2021-08,,61.0,0.38
90,Martin Landaluce,20.4,1726.5,,79.0,1684.8,95.0,1654.3,75.0,1634.8,,1764.1,2026-05,,60.0,0.41
91,Nishesh Basavareddy,21.0,1721.5,,84.0,1680.5,110.0,1634.2,143.0,1544.1,,1856.6,2025-01,,135.0,-0.39
92,Arthur Fery,23.9,1720.6,,80.0,1684.5,157.0,1570.4,106.0,1592.5,,1751.3,2026-03,,114.0,-0.21
93,Mattia Bellucci,25.0,1720.3,,88.0,1677.8,128.0,1609.8,57.0,1656.5,,1814.3,2024-10,,67.0,0.33
94,Lorenzo Sonego,31.1,1719.2,,74.0,1701.5,109.0,1634.6,84.0,1628.4,,1895.3,2021-05,,69.0,0.31
95,Marcos Giron,32.9,1718.2,,72.0,1704.3,135.0,1603.9,90.0,1621.9,,1874.1,2025-03,,92.0,0.03
96,Zachary Svajda,23.5,1717.8,,78.0,1689.9,144.0,1588.9,56.0,1657.1,,1794.0,2026-02,,66.0,0.37
97,Titouan Droguet,24.9,1717.4,,111.0,1650.2,81.0,1680.8,80.0,1630.4,,1735.3,2026-06,,116.0,-0.18
98,Gabriel Diallo,24.7,1715.7,,87.0,1678.2,112.0,1628.9,70.0,1638.8,,1889.2,2025-06,,88.0,0.11
99,Kei Nishikori,36.3,1714.0,,85.0,1680.3,129.0,1609.5,107.0,1591.1,,2194.2,2016-08,,720.0,-1.98
100,Sebastian Ofner,30.0,1713.2,,108.0,1654.8,82.0,1680.4,73.0,1635.2,,1812.7,2024-01,,110.0,-0.1
101,Roman Andres Burruchaga,24.4,1711.2,,182.0,1544.8,73.0,1694.0,137.0,1550.9,,1764.5,2026-04,,65.0,0.44
102,Jesper De Jong,26.0,1710.6,,136.0,1606.9,71.0,1695.6,153.0,1536.3,,1741.0,2025-10,,73.0,0.33
103,Bu Yunchaokete,24.3,1708.7,,113.0,1643.9,130.0,1608.3,71.0,1638.0,,1834.9,2024-09,,107.0,-0.04
104,Quentin Halys,29.6,1706.6,,89.0,1676.8,90.0,1664.1,96.0,1608.2,,1811.4,2023-04,,95.0,0.09
105,Otto Virtanen,24.9,1706.3,,92.0,1674.4,193.0,1531.6,42.0,1687.9,,1768.8,2024-03,,140.0,-0.29
106,Martin Damm,22.7,1705.5,,106.0,1656.7,188.0,1534.9,54.0,1659.8,,1767.9,1999-11,,106.0,0.0
107,Laslo Djere,31.0,1704.4,,130.0,1616.7,59.0,1714.6,117.0,1574.8,,1854.6,2023-09,,234.0,-0.78
108,Emilio Nava,24.5,1703.9,,129.0,1621.0,79.0,1685.9,129.0,1560.2,,1742.1,2026-06,,86.0,0.23
109,Terence Atmane,24.4,1703.5,,93.0,1673.5,114.0,1627.9,142.0,1544.2,,1763.0,2026-05,,52.0,0.74
110,Adam Walton,27.1,1703.2,,97.0,1668.9,179.0,1543.1,124.0,1565.4,,1747.1,2025-04,,85.0,0.26
111,Luca Van Assche,22.0,1701.0,,82.0,1681.3,105.0,1638.5,134.0,1555.4,,1801.5,2023-04,,80.0,0.33
112,Roberto Bautista Agut,38.1,1700.2,,98.0,1668.2,104.0,1639.7,52.0,1661.8,,2033.8,2016-02,,183.0,-0.49
113,Gustavo Heide,24.2,1695.4,,186.0,1535.8,83.0,1678.6,165.0,1517.2,,1695.4,2026-06,,141.0,-0.22
114,Michael Zheng,22.3,1695.2,,95.0,1671.5,155.0,1576.2,171.0,1514.7,,1777.3,2025-09,,144.0,-0.23
115,Francisco Comesana,25.6,1694.8,,116.0,1641.8,94.0,1656.0,128.0,1560.3,,1761.9,2025-08,,91.0,0.23
116,Jenson Brooksby,25.6,1694.4,,81.0,1682.2,131.0,1607.4,77.0,1633.8,,2005.3,2022-03,,81.0,0.36
117,Jan Lennard Struff,36.1,1694.2,,121.0,1634.2,92.0,1659.3,89.0,1623.1,,1935.1,2024-07,,74.0,0.46
118,Leandro Riedi,24.3,1693.1,,91.0,1675.3,137.0,1598.6,86.0,1625.8,,1823.3,2023-01,,117.0,0.01
119,Yoshihito Nishioka,30.3,1688.7,,103.0,1659.2,123.0,1618.3,147.0,1539.9,,1884.7,2023-01,,176.0,-0.39
120,Andrea Vavassori,30.9,1688.1,,107.0,1655.0,100.0,1642.3,149.0,1538.1,,1734.8,2023-04,,559.0,-1.54
121,Jan Choinski,30.0,1686.4,,161.0,1571.4,97.0,1652.4,155.0,1534.1,,1695.7,2026-06,,100.0,0.19
122,Kyrian Jacquet,25.0,1685.3,,100.0,1663.1,148.0,1586.2,94.0,1612.4,,1735.1,2025-02,,139.0,-0.13
123,Jason Kubler,32.7,1684.5,,120.0,1635.3,124.0,1615.7,45.0,1679.3,,1790.0,2022-07,,465.0,-1.33
124,Borna Gojo,28.2,1682.5,,101.0,1662.0,101.0,1641.7,233.0,1468.0,,1800.2,2023-10,,175.0,-0.34
125,Zhizhen Zhang,29.6,1681.5,,115.0,1641.9,111.0,1633.1,68.0,1640.6,,1830.9,2024-09,,161.0,-0.25
126,Facundo Diaz Acosta,25.4,1680.5,,189.0,1533.1,88.0,1668.4,224.0,1476.2,,1791.9,2024-02,,120.0,0.05
127,Stan Wawrinka,41.1,1677.9,,99.0,1663.8,125.0,1612.5,110.0,1589.8,,2145.5,2016-01,,109.0,0.15
128,Henrique Rocha,22.1,1675.5,,156.0,1574.2,89.0,1666.4,163.0,1517.8,,1694.5,2026-06,,122.0,0.05
129,Andrea Pellegrino,29.1,1673.6,,295.0,1421.8,96.0,1653.5,250.0,1458.7,,1681.8,2026-06,,133.0,-0.03
130,Adrian Mannarino,37.9,1673.4,,112.0,1647.4,233.0,1487.7,61.0,1652.8,,1896.3,2018-01,,40.0,1.18
131,Christopher Oconnell,32.0,1673.1,,105.0,1656.9,158.0,1569.1,93.0,1614.0,,1814.1,2025-03,,124.0,0.05
132,Sho Shimabukuro,28.8,1672.4,,137.0,1606.1,211.0,1509.8,60.0,1652.9,,1692.5,2023-09,,90.0,0.38
133,Nikoloz Basilashvili,34.3,1671.6,,135.0,1608.4,108.0,1635.2,97.0,1607.7,,1889.8,2019-01,,111.0,0.18
134,Alexander Shevchenko,25.5,1668.7,,114.0,1642.4,116.0,1624.2,241.0,1463.8,,1792.0,2024-02,,99.0,0.3
135,Cristian Garin,29.9,1666.9,,159.0,1572.1,93.0,1658.7,92.0,1617.3,,1889.6,2019-04,,125.0,0.08
136,David Goffin,35.4,1664.9,,126.0,1625.6,106.0,1637.3,64.0,1649.2,,2048.7,2017-04,,241.0,-0.57
137,Lloyd Harris,29.2,1664.8,,118.0,1640.2,160.0,1565.9,98.0,1607.6,,1896.0,2021-10,,160.0,-0.16
138,Alexandre Muller,29.3,1664.5,,123.0,1630.3,113.0,1628.4,168.0,1516.3,,1801.7,2025-05,,126.0,0.09
139,Zsombor Piros,26.6,1660.6,,124.0,1629.1,121.0,1620.5,136.0,1552.3,,1731.0,2023-04,,169.0,-0.2
140,Nicolas Jarry,30.5,1648.3,,157.0,1573.5,102.0,1641.5,74.0,1635.2,,1903.0,2023-10,,211.0,-0.41
141,Valentin Royer,25.0,1640.6,,150.0,1584.9,132.0,1606.2,119.0,1572.7,,1800.2,2025-10,,75.0,0.63
142,Patrick Kypson,26.5,1640.5,,132.0,1611.2,168.0,1554.7,212.0,1482.5,,1732.4,2026-01,,113.0,0.23
143,Dalibor Svrcina,23.7,1639.8,,127.0,1624.3,152.0,1578.4,200.0,1488.9,,1712.9,2025-04,,112.0,0.24
144,Damir Dzumhur,34.0,1637.8,,143.0,1595.5,141.0,1594.0,135.0,1553.9,,1895.8,2017-09,,105.0,0.32
145,Hugo Dellien,32.9,1637.2,,230.0,1485.6,118.0,1623.9,219.0,1479.4,,1779.8,2022-05,,162.0,-0.11
146,Aleksandar Kovacevic,27.8,1636.2,,133.0,1611.1,163.0,1563.1,222.0,1476.8,,1758.8,2024-04,,70.0,0.74
147,Jurij Rodionov,27.0,1635.8,,151.0,1583.8,147.0,1586.3,112.0,1585.3,,1702.1,2023-06,,142.0,0.03
148,Roberto Carballes Baena,33.2,1631.9,,145.0,1592.4,126.0,1612.1,180.0,1505.7,,1788.1,2024-07,,163.0,-0.1
149,Stefanos Sakellaridis,21.7,1630.5,,162.0,1566.0,127.0,1611.6,130.0,1559.0,,1674.3,2026-05,,148.0,0.01
150,Aleksandar Vukic,30.2,1630.2,,142.0,1597.3,207.0,1515.6,108.0,1590.6,,1773.3,2025-01,,104.0,0.37
151,Federico Cina,19.1,1630.0,,152.0,1583.1,143.0,1589.9,170.0,1515.0,,1656.0,2026-06,,174.0,-0.14
152,James Duckworth,34.4,1628.1,,146.0,1592.0,156.0,1572.6,146.0,1540.0,,1785.9,2021-11,,79.0,0.65
153,Marco Trungelliti,36.3,1627.3,,221.0,1496.4,120.0,1620.8,226.0,1474.5,,1693.1,2018-07,,94.0,0.49
154,Hugo Gaston,25.6,1622.1,,125.0,1628.1,159.0,1566.1,175.0,1509.2,,1795.1,2021-11,,118.0,0.27
155,Giulio Zeppieri,24.3,1621.9,,149.0,1589.0,161.0,1565.7,115.0,1578.9,,1691.2,2022-07,,193.0,-0.22
156,Chris Rodesch,24.9,1621.8,,128.0,1623.3,182.0,1540.1,131.0,1557.3,,1768.5,2026-02,,173.0,-0.1
157,Lukas Neumayer,23.7,1621.3,,236.0,1480.4,138.0,1598.4,237.0,1466.3,,1658.4,2026-05,,167.0,-0.06
158,Nicolai Budkov Kjaer,19.7,1620.1,,141.0,1597.9,151.0,1582.2,223.0,1476.3,,1749.3,2025-10,,121.0,0.27
159,Dusan Lajovic,35.9,1620.0,,171.0,1558.5,146.0,1587.6,204.0,1487.5,,1854.6,2018-10,,153.0,0.04
160,Kilian Feldbausch,20.7,1618.1,,323.0,1401.9,136.0,1599.3,176.0,1509.1,,1648.3,2026-06,,288.0,-0.59
161,Tomas Barrios Vera,28.4,1614.8,,173.0,1552.2,145.0,1588.7,127.0,1562.6,,1710.3,2023-07,,137.0,0.16
162,Michael Mmoh,28.4,1613.0,,140.0,1599.4,214.0,1508.2,186.0,1502.1,,1762.3,2017-02,,192.0,-0.17
163,Dhakshineswar Suresh,25.8,1610.6,,166.0,1563.4,302.0,1415.3,182.0,1505.3,,1616.6,2025-10,,475.0,-1.07
164,Carlos Taberner,28.4,1610.3,,270.0,1445.0,133.0,1604.7,294.0,1433.4,,1725.0,2021-10,,194.0,-0.17
165,Elmer Moller,22.9,1609.2,,232.0,1484.1,142.0,1593.1,156.0,1533.7,,1741.1,2025-04,,147.0,0.12
166,Rei Sakamoto,19.9,1607.5,,148.0,1589.4,205.0,1517.5,236.0,1467.3,,1676.6,2026-02,,150.0,0.1
167,Pierre Hugues Herbert,35.2,1606.8,,155.0,1576.5,195.0,1530.2,126.0,1564.4,,1867.9,2019-06,,251.0,-0.41
168,Clement Tabur,26.3,1606.8,,158.0,1572.8,171.0,1553.3,218.0,1480.2,,1636.7,2026-06,,189.0,-0.12
169,Emil Ruusuvuori,26.6,1606.1,,154.0,1576.8,164.0,1558.3,116.0,1576.4,,1893.2,2023-06,,786.0,-1.54
170,Mackenzie Mcdonald,31.1,1605.6,,138.0,1604.1,247.0,1473.4,145.0,1541.2,,1847.6,2023-03,,145.0,0.16
171,Coleman Wong,22.0,1602.1,,144.0,1592.8,253.0,1466.7,216.0,1481.3,,1730.8,2026-02,,108.0,0.46
172,Lukas Klein,27.8,1601.1,,187.0,1535.1,117.0,1623.9,132.0,1557.2,,1777.5,2024-03,,171.0,0.01
173,Jacob Fearnley,24.8,1599.6,,165.0,1564.7,139.0,1598.1,139.0,1546.2,,1910.0,2024-10,,159.0,0.08
174,Jerome Kym,23.3,1598.5,,147.0,1591.2,196.0,1528.9,196.0,1490.7,,1738.0,2024-10,,196.0,-0.12
175,Luka Mikrut,22.1,1597.2,,273.0,1443.3,122.0,1618.5,190.0,1498.6,,1735.4,2025-10,,180.0,-0.03
176,Pavel Kotov,27.5,1596.6,,139.0,1600.8,197.0,1528.7,185.0,1502.3,,1797.1,2024-05,,249.0,-0.35
177,Arthur Gea,21.4,1596.5,,134.0,1609.5,202.0,1520.9,181.0,1505.4,,1722.1,2026-03,,136.0,0.26
178,Alexis Galarneau,27.2,1592.8,,178.0,1548.3,236.0,1484.7,148.0,1538.3,,1631.5,2024-04,,179.0,-0.01
179,Francesco Passaro,25.4,1592.3,,168.0,1561.6,153.0,1578.2,263.0,1452.5,,1779.0,2022-08,,185.0,-0.03
180,Liam Draxl,24.4,1592.2,,164.0,1565.1,222.0,1499.1,258.0,1456.8,,1699.6,2025-07,,158.0,0.13
181,Matteo Gigante,23.7,1591.8,,188.0,1533.6,140.0,1598.0,255.0,1457.1,,1709.5,2025-05,,521.0,-1.06
182,Facundo Bagnis,35.5,1590.7,,209.0,1512.9,150.0,1583.8,437.0,1363.2,,1737.0,2021-07,,439.0,-0.88
183,Liam Broady,32.4,1590.3,,153.0,1577.1,231.0,1488.6,184.0,1504.2,,1757.4,2022-03,,209.0,-0.13
184,Mark Lajal,23.0,1588.5,,172.0,1556.1,235.0,1484.9,140.0,1546.0,,1685.3,2025-07,,164.0,0.12
185,Alex Bolt,33.4,1588.1,,184.0,1540.7,300.0,1418.0,122.0,1569.3,,1688.9,2019-03,,152.0,0.2
186,Daniel Evans,36.0,1587.9,,167.0,1561.9,221.0,1499.2,114.0,1583.8,,1902.5,2021-04,,385.0,-0.73
187,Filip Misolic,24.5,1587.2,,248.0,1469.3,91.0,1663.9,158.0,1531.3,,1829.4,2025-07,,221.0,-0.17
188,Luca Nardi,22.8,1585.4,,160.0,1572.0,187.0,1536.5,330.0,1415.1,,1724.6,2024-04,,166.0,0.12
189,Giles Hussey,29.0,1584.4,,204.0,1517.4,320.0,1402.2,172.0,1512.6,,1600.7,2026-06,,258.0,-0.31
190,Vitaliy Sachko,28.9,1583.5,,242.0,1474.9,174.0,1549.8,288.0,1438.5,,1643.5,2023-07,,198.0,-0.04
191,Vilius Gaubas,21.4,1581.0,,170.0,1559.5,191.0,1534.6,160.0,1529.2,,1718.5,2025-05,,129.0,0.39
192,Jack Kennedy,,1580.6,,310.0,1410.5,167.0,1555.7,197.0,1490.3,,1606.1,2026-04,,414.0,-0.77
193,Max Alcala Gurri,23.7,1580.5,,341.0,1387.6,162.0,1564.0,198.0,1490.3,,1616.3,2026-06,,228.0,-0.17
194,Pedro Martinez,29.1,1580.0,,174.0,1552.2,173.0,1550.3,266.0,1451.4,,1844.3,2022-04,,134.0,0.37
195,Remy Bertola,27.7,1579.3,,192.0,1527.9,239.0,1483.6,150.0,1537.7,,1594.4,2026-06,,187.0,0.04
196,Inaki Montes De La Torre,23.7,1579.2,,201.0,1518.7,190.0,1534.8,199.0,1489.6,,1579.2,2026-06,,269.0,-0.32
197,Colton Smith,23.2,1577.2,,163.0,1565.5,245.0,1475.9,144.0,1542.8,,1837.6,2025-06,,186.0,0.06
198,Joel Schwaerzler,20.3,1576.8,,200.0,1519.4,185.0,1537.4,201.0,1488.4,,1660.8,2026-04,,177.0,0.11
199,Marco Cecchinato,33.7,1575.6,,269.0,1446.1,175.0,1546.3,290.0,1438.1,,1838.6,2018-07,,195.0,0.02
200,Juan Carlos Prado Angelo,21.2,1575.5,,300.0,1418.3,169.0,1553.7,203.0,1487.8,,1611.6,2025-10,,181.0,0.1
201,Harold Mayot,24.3,1570.9,,179.0,1548.1,176.0,1545.8,189.0,1499.6,,1701.9,2024-06,,199.0,0.01
202,Stefano Travaglia,34.4,1570.3,,185.0,1539.0,198.0,1527.5,265.0,1452.1,,1793.8,2021-02,,130.0,0.44
203,Hynek Barton,22.1,1569.9,,212.0,1509.2,189.0,1534.9,206.0,1484.9,,1585.2,2026-06,,256.0,-0.23
204,Moise Kouame,17.2,1568.2,,177.0,1549.3,292.0,1426.0,208.0,1484.1,,1579.4,2026-05,,215.0,-0.05
205,Thiago Monteiro,31.9,1567.7,,190.0,1532.7,170.0,1553.6,230.0,1470.7,,1748.2,2024-05,,292.0,-0.35
206,Taro Daniel,33.3,1567.3,,211.0,1512.0,180.0,1542.0,214.0,1481.4,,1766.8,2023-04,,203.0,0.01
207,Gauthier Onclin,25.2,1566.9,,175.0,1551.9,223.0,1496.4,178.0,1507.4,,1591.3,2023-07,,178.0,0.15
208,August Holmgren,28.1,1566.1,,205.0,1516.7,226.0,1492.8,104.0,1594.4,,1677.9,2021-09,,143.0,0.37
209,Tom Gentzsch,22.7,1564.9,,224.0,1491.9,183.0,1539.7,213.0,1482.1,,1626.3,2026-05,,216.0,-0.03
210,Nikolas Sanchez Izquierdo,27.2,1562.7,,404.0,1332.2,192.0,1532.4,215.0,1481.4,,1588.3,2026-06,,214.0,-0.02
211,Tristan Boyer,25.1,1561.0,,195.0,1525.1,178.0,1544.5,315.0,1423.2,,1753.1,2025-01,,191.0,0.1
212,Pol Martin Tiffon,26.8,1560.9,,183.0,1544.6,216.0,1506.2,273.0,1447.7,,1587.3,2026-05,,218.0,-0.03
213,Buvaysar Gadamauri,25.9,1558.3,,251.0,1463.9,200.0,1525.5,220.0,1479.1,,1592.8,2026-05,,255.0,-0.18
214,Jack Pinnington Jones,23.2,1557.1,,180.0,1547.4,281.0,1433.3,154.0,1534.6,,1685.0,2026-02,,138.0,0.44
215,Cedrik Marcel Stebe,35.3,1556.4,,196.0,1523.2,177.0,1544.9,242.0,1463.3,,1824.7,2017-09,,342.0,-0.46
216,Chun Hsin Tseng,24.8,1554.2,,222.0,1495.0,181.0,1541.0,345.0,1405.3,,1715.6,2022-04,,229.0,-0.06
217,Mikhail Kukushkin,38.4,1551.6,,194.0,1525.7,204.0,1518.4,173.0,1510.3,,1864.2,2010-10,,305.0,-0.34
218,Darwin Blanch,18.6,1551.3,,233.0,1483.2,225.0,1493.5,253.0,1457.8,,1610.4,2026-04,,224.0,-0.03
219,Harry Wendelken,24.5,1550.9,,169.0,1559.6,380.0,1348.8,231.0,1469.5,,1641.5,2026-04,,202.0,0.08
220,Felix Balshaw,20.0,1550.9,,330.0,1397.4,186.0,1536.5,225.0,1475.5,,1594.8,2026-06,,259.0,-0.16
221,Tristan Schoolkate,25.2,1548.8,,207.0,1514.3,263.0,1458.8,157.0,1533.1,,1703.1,2025-07,,149.0,0.39
222,Elias Ymer,30.1,1548.1,,193.0,1527.3,228.0,1492.1,187.0,1501.8,,1751.8,2015-06,,188.0,0.17
223,Hugo Grenier,30.2,1547.9,,197.0,1523.1,311.0,1410.1,252.0,1458.0,,1734.0,2022-09,,223.0,0.0
224,David Jorda Sanchis,31.9,1545.3,,399.0,1334.4,172.0,1550.7,293.0,1433.8,,1545.3,2026-06,,184.0,0.2
225,Gianluca Cadenasso,21.6,1545.2,,348.0,1382.6,213.0,1508.5,227.0,1472.6,,1578.5,2026-04,,,
226,Andrea Guerrieri,27.5,1544.8,,333.0,1393.4,212.0,1509.5,228.0,1472.4,,1591.5,2026-06,,227.0,0.0
227,Edas Butvilas,21.8,1544.3,,219.0,1499.1,219.0,1501.0,260.0,1456.1,,1672.0,2024-09,,225.0,0.01
228,Kimmer Coppejans,32.3,1544.0,,249.0,1469.3,210.0,1513.4,261.0,1455.5,,1697.0,2015-04,,222.0,0.03
229,Timofey Skatov,25.3,1543.8,,238.0,1479.3,194.0,1531.1,209.0,1483.9,,1672.0,2024-07,,172.0,0.29
230,Andre Ilagan,25.5,1543.4,,203.0,1518.4,336.0,1381.7,229.0,1471.7,,1556.0,2026-06,,263.0,-0.13
231,Sumit Nagal,28.8,1542.7,,241.0,1475.8,184.0,1537.5,348.0,1403.8,,1745.2,2019-09,,219.0,0.05
232,Yosuke Watanuki,28.1,1540.5,,191.0,1530.5,242.0,1479.6,151.0,1537.2,,1798.2,2023-05,,294.0,-0.24
233,Henry Searle,20.2,1540.3,,298.0,1418.5,328.0,1388.2,138.0,1550.3,,1540.3,2026-06,,273.0,-0.16
234,Ilya Ivashka,32.2,1538.0,,213.0,1509.1,166.0,1556.6,166.0,1516.4,,1922.5,2021-09,,539.0,-0.83
235,Francesco Maestrelli,23.4,1537.7,,176.0,1550.7,256.0,1466.2,353.0,1400.7,,1711.4,2022-07,,128.0,0.61
236,Federico Coria,34.2,1537.4,,265.0,1449.3,208.0,1515.3,421.0,1370.4,,1754.4,2021-07,,889.0,-1.33
237,Brandon Holt,27.7,1536.8,,215.0,1507.1,372.0,1353.7,179.0,1507.0,,1725.5,2025-02,,558.0,-0.86
238,Dali Blanch,23.2,1535.7,,456.0,1284.9,201.0,1523.2,234.0,1467.9,,1588.9,2026-06,,309.0,-0.26
239,Dominic Stricker,23.7,1533.1,,214.0,1508.7,246.0,1474.4,159.0,1530.0,,1798.6,2021-06,,343.0,-0.36
240,Jacopo Vasami,18.5,1532.2,,394.0,1339.8,220.0,1499.4,239.0,1466.1,,1560.5,2026-06,,368.0,-0.43
241,James Mccabe,22.9,1532.1,,235.0,1481.4,407.0,1324.6,152.0,1536.9,,1584.1,2025-03,,207.0,0.15
242,Thiago Seyboth Wild,26.2,1531.8,,206.0,1516.0,206.0,1516.0,221.0,1478.0,,1793.4,2024-05,,243.0,0.0
243,Rio Noguchi,27.4,1531.7,,210.0,1512.5,427.0,1307.7,362.0,1398.0,,1588.0,2026-04,,213.0,0.13
244,Daniel Elahi Galan,29.9,1530.5,,220.0,1497.2,227.0,1492.2,195.0,1492.2,,1757.5,2022-09,,297.0,-0.2
245,Alexander Ritschard,31.7,1528.0,,260.0,1454.4,165.0,1557.1,232.0,1469.4,,1695.9,2024-07,,578.0,-0.86
246,Stefano Napolitano,31.1,1527.7,,259.0,1456.4,203.0,1519.8,211.0,1482.7,,1662.1,2024-05,,242.0,0.02
247,Rodrigo Pacheco Mendez,20.9,1526.5,,229.0,1486.9,261.0,1459.8,243.0,1463.2,,1543.3,2026-04,,338.0,-0.31
248,Alejandro Moro Canas,25.5,1526.4,,202.0,1518.7,240.0,1483.5,205.0,1486.6,,1673.5,2024-07,,233.0,0.06
249,Lautaro Midon,22.1,1525.7,,263.0,1451.2,215.0,1508.0,244.0,1462.9,,1546.8,2026-05,,230.0,0.08
250,Petr Brunclik,19.9,1525.5,,255.0,1459.2,250.0,1469.0,245.0,1462.8,,1565.2,2026-06,,334.0,-0.29
251,Cezar Cretu,25.1,1523.5,,268.0,1447.2,229.0,1492.1,247.0,1461.8,,1549.2,2026-06,,272.0,-0.08
252,Christopher Eubanks,29.4,1523.4,,223.0,1493.0,303.0,1414.6,161.0,1524.2,,1864.8,2023-07,,639.0,-0.93
253,Daniel Rincon,23.4,1521.7,,208.0,1513.9,249.0,1469.4,416.0,1371.2,,1613.8,2023-09,,261.0,-0.03
254,Ugo Blanchet,27.3,1521.3,,181.0,1546.1,275.0,1440.0,346.0,1404.4,,1662.1,2025-08,,170.0,0.4
255,Igor Ribeiro Marcondes,28.7,1517.1,,283.0,1429.3,218.0,1504.7,251.0,1458.5,,1649.4,2026-01,,328.0,-0.25
256,Andrej Nedic,21.6,1515.2,,279.0,1432.2,217.0,1506.1,177.0,1507.6,,1566.0,2026-05,,250.0,0.02
257,Hamish Stewart,26.8,1513.3,,239.0,1478.7,350.0,1366.7,207.0,1484.3,,1602.2,2025-08,,300.0,-0.15
258,Clement Chidekh,25.0,1512.7,,198.0,1523.1,356.0,1363.0,333.0,1412.0,,1695.5,2024-03,,205.0,0.23
259,Diego Dedura Palomero,18.2,1512.1,,407.0,1331.5,209.0,1514.1,322.0,1419.0,,1566.1,2026-06,,271.0,-0.05
260,Henri Squire,25.7,1510.6,,257.0,1459.1,230.0,1490.3,425.0,1368.7,,1670.0,2024-06,,235.0,0.1
261,Luka Pavlovic,26.1,1510.1,,252.0,1463.7,254.0,1466.6,210.0,1482.9,,1635.0,2025-07,,217.0,0.18
262,Max Schoenhaus,18.8,1508.4,,292.0,1423.6,255.0,1466.6,349.0,1403.3,,1547.7,2026-06,,335.0,-0.25
263,Billy Harris,31.3,1508.3,,245.0,1472.8,355.0,1363.2,169.0,1516.1,,1711.4,2024-06,,155.0,0.53
264,Zdenek Kolar,29.6,1506.4,,280.0,1431.6,237.0,1484.7,269.0,1449.8,,1621.1,2021-09,,154.0,0.54
265,Arthur Bouquier,25.1,1505.4,,234.0,1482.0,397.0,1332.6,286.0,1440.2,,1732.0,2025-03,,630.0,-0.87
266,Andres Andrade,27.4,1504.9,,285.0,1426.7,234.0,1487.0,264.0,1452.5,,1584.8,2024-08,,252.0,0.05
267,Marc Andrea Huesler,29.9,1503.5,,227.0,1489.3,241.0,1479.8,257.0,1456.9,,1817.0,2023-02,,311.0,-0.15
268,Jay Dylan Hara Friend,22.4,1502.7,,237.0,1480.2,368.0,1356.2,267.0,1451.4,,1581.8,2025-10,,407.0,-0.42
269,Maxim Mrva,18.8,1500.3,,218.0,1503.5,268.0,1447.3,188.0,1500.1,,1619.4,2025-03,,295.0,-0.09
270,Felix Gill,24.0,1499.0,,217.0,1503.7,294.0,1424.4,402.0,1377.7,,1541.7,2026-06,,220.0,0.2
271,Nerman Fatic,31.5,1495.9,,303.0,1417.1,243.0,1478.3,238.0,1466.2,,1584.4,2023-07,,373.0,-0.32
272,Fajing Sun,29.6,1495.8,,243.0,1473.2,458.0,1278.3,310.0,1426.9,,1555.0,2026-05,,270.0,0.01
273,Guy Den Ouden,24.1,1495.2,,395.0,1338.5,238.0,1484.2,340.0,1408.0,,1722.8,2025-08,,244.0,0.11
274,Franco Roncadelli,26.3,1494.6,,353.0,1376.2,244.0,1478.3,274.0,1447.3,,1552.8,2026-05,,245.0,0.11
275,Raul Brancaccio,29.1,1491.7,,296.0,1421.5,257.0,1464.6,329.0,1415.4,,1644.9,2023-01,,248.0,0.1
276,Gonzalo Bueno,22.1,1490.7,,429.0,1314.0,251.0,1469.0,276.0,1445.4,,1602.2,2025-11,,182.0,0.42
277,Oliver Tarvet,22.6,1489.9,,254.0,1460.3,224.0,1494.9,183.0,1504.7,,1735.2,2025-08,,348.0,-0.23
278,Genaro Alberto Olivieri,27.8,1488.6,,380.0,1353.5,258.0,1464.0,424.0,1369.2,,1585.6,2023-07,,201.0,0.32
279,Yu Hsiou Hsu,27.2,1488.5,,250.0,1468.4,315.0,1406.7,434.0,1364.2,,1648.0,2023-11,,206.0,0.3
280,Hyeon Chung,29.9,1488.4,,256.0,1459.1,199.0,1525.7,356.0,1400.1,,1991.8,2018-03,,549.0,-0.67
281,Li Tu,29.9,1487.9,,247.0,1471.1,345.0,1370.4,167.0,1516.4,,1633.5,2022-10,,421.0,-0.4
282,Joao Lucas Reis Da Silva,26.2,1485.8,,372.0,1359.3,248.0,1470.2,280.0,1442.9,,1531.3,2025-11,,236.0,0.18
283,Stefan Dostanic,24.5,1485.4,,225.0,1491.5,322.0,1399.5,281.0,1442.7,,1604.9,2026-04,,275.0,0.03
284,Trevor Svajda,20.0,1484.9,,264.0,1450.5,375.0,1352.4,282.0,1442.4,,1625.4,2025-09,,466.0,-0.5
285,Pedro Boscardin Dias,23.3,1480.7,,467.0,1272.6,262.0,1459.5,285.0,1440.3,,1532.2,2026-04,,260.0,0.09
286,Duje Ajdukovic,25.3,1480.3,,253.0,1462.1,259.0,1461.9,456.0,1354.1,,1687.6,2024-09,,281.0,0.02
287,Daniil Glinka,26.0,1477.4,,226.0,1491.0,286.0,1430.5,297.0,1432.6,,1687.5,2026-02,,168.0,0.54
288,Felipe Meligeni Alves,28.1,1477.4,,294.0,1421.9,252.0,1468.5,191.0,1497.2,,1695.3,2023-10,,807.0,-1.03
289,Nicolas Mejia,26.3,1476.8,,291.0,1423.7,232.0,1487.8,283.0,1442.1,,1582.4,2026-04,,165.0,0.56
290,Gilles Arnaud Bailly,20.7,1476.4,,258.0,1457.2,278.0,1438.4,202.0,1488.2,,1665.9,2026-01,,210.0,0.32
291,Shintaro Mochizuki,23.0,1475.1,,288.0,1425.2,282.0,1432.6,162.0,1519.7,,1714.9,2025-10,,151.0,0.66
292,Antoine Ghibaudo,21.4,1475.0,,320.0,1402.2,293.0,1425.9,262.0,1454.1,,1518.9,2025-09,,298.0,-0.02
293,Bernard Tomic,33.6,1474.5,,276.0,1441.2,299.0,1420.2,192.0,1497.2,,1947.4,2015-03,,204.0,0.36
294,Max Hans Rehberg,22.7,1474.1,,246.0,1472.0,324.0,1398.0,423.0,1370.0,,1575.0,2025-02,,510.0,-0.55
295,Nick Hardt,25.7,1473.1,,307.0,1413.6,260.0,1460.0,289.0,1438.3,,1619.6,2024-05,,267.0,0.1
296,Norbert Gombos,35.8,1472.0,,262.0,1452.2,264.0,1455.4,326.0,1417.5,,1753.2,2020-11,,364.0,-0.21
297,Mili Poljicak,21.9,1471.1,,444.0,1296.7,272.0,1441.6,357.0,1399.7,,1537.4,2026-03,,347.0,-0.16
298,Filippo Romano,20.9,1470.0,,228.0,1489.1,389.0,1342.1,278.0,1444.9,,1533.1,2026-06,,312.0,-0.05
299,Andrej Martin,36.7,1469.9,,358.0,1372.7,270.0,1443.9,468.0,1347.3,,1674.7,2014-08,,402.0,-0.3
300,Frederico Ferreira Silva,31.2,1468.4,,240.0,1478.4,318.0,1404.4,259.0,1456.5,,1642.4,2021-05,,231.0,0.26
301,Mees Rottgering,18.9,1467.5,,266.0,1448.8,277.0,1438.6,270.0,1449.6,,1495.6,2026-02,,469.0,-0.44
302,Mika Brunold,21.6,1465.8,,274.0,1443.2,316.0,1406.6,295.0,1432.9,,1510.9,2025-07,,408.0,-0.3
303,Yasutaka Uchiyama,33.8,1462.8,,281.0,1430.7,384.0,1347.5,327.0,1417.4,,1727.5,2019-10,,326.0,-0.07
304,Juan Manuel La Serna,22.3,1462.8,,359.0,1371.9,266.0,1449.2,299.0,1431.4,,1485.9,2026-06,,287.0,0.06
305,Ilia Simakin,22.6,1462.7,,216.0,1504.6,455.0,1282.1,300.0,1431.3,,1679.7,2026-02,,304.0,0.0
306,Marko Topo,22.7,1462.7,,244.0,1473.0,323.0,1398.8,284.0,1440.6,,1663.9,2022-04,,350.0,-0.13
307,Enrico Dalla Valle,28.2,1462.1,,345.0,1385.2,276.0,1439.0,301.0,1431.0,,1543.6,2024-07,,359.0,-0.16
308,Philip Henning,25.6,1461.3,,231.0,1484.5,398.0,1332.5,217.0,1480.6,,1559.8,2021-09,,254.0,0.19
309,Matej Dodig,20.8,1461.0,,315.0,1406.7,287.0,1429.7,303.0,1430.5,,1601.7,2024-09,,208.0,0.4
310,Mitchell Krueger,32.3,1460.7,,278.0,1435.5,290.0,1427.1,313.0,1423.5,,1653.6,2022-04,,349.0,-0.12
311,Dane Sweeny,25.3,1460.4,,272.0,1443.7,448.0,1287.1,441.0,1361.7,,1645.7,2026-02,,127.0,0.9
312,Max Houkes,25.9,1460.1,,437.0,1304.7,271.0,1443.8,396.0,1383.6,,1527.7,2026-04,,239.0,0.27
313,Martin Krumich,23.4,1458.9,,371.0,1360.3,296.0,1423.3,306.0,1429.4,,1513.5,2026-05,,282.0,0.1
314,Christoph Negritu,31.9,1458.7,,293.0,1423.4,288.0,1428.7,307.0,1429.3,,1540.2,2024-11,,489.0,-0.44
315,Thomas Faurel,20.3,1458.6,,382.0,1353.3,295.0,1424.0,308.0,1429.3,,1502.6,2026-06,,321.0,-0.02
316,Jay Clarke,27.8,1458.4,,297.0,1420.8,305.0,1414.2,445.0,1359.8,,1617.4,2018-07,,246.0,0.25
317,Javier Barranco Cosano,27.2,1457.4,,327.0,1398.9,273.0,1441.3,296.0,1432.7,,1581.0,2024-07,,424.0,-0.29
318,Oriol Roca Batalla,33.1,1456.3,,346.0,1383.1,284.0,1431.9,380.0,1389.3,,1554.6,2024-06,,319.0,0.0
319,Petr Nesterov,23.2,1455.8,,282.0,1430.4,313.0,1409.5,309.0,1427.9,,1493.1,2026-06,,369.0,-0.15
320,Yi Zhou,21.2,1455.6,,271.0,1444.7,437.0,1298.7,249.0,1458.9,,1610.1,2026-01,,240.0,0.29
321,Beibit Zhukayev,25.5,1455.4,,324.0,1401.7,339.0,1378.6,174.0,1509.7,,1640.2,2023-11,,316.0,0.02
322,Laurent Lokoli,31.6,1454.7,,314.0,1406.7,269.0,1444.0,248.0,1460.7,,1608.2,2023-07,,476.0,-0.39
323,Franco Agamenone,33.1,1454.0,,387.0,1346.7,280.0,1434.1,451.0,1356.0,,1707.6,2021-10,,268.0,0.19
324,Mats Rosenkranz,27.4,1453.5,,290.0,1424.3,412.0,1320.2,361.0,1398.4,,1503.3,2025-10,,352.0,-0.08
325,Radu Albot,36.6,1452.5,,284.0,1428.8,274.0,1440.4,194.0,1495.1,,1823.4,2019-05,,440.0,-0.3
326,Andrew Paulson,24.3,1452.4,,378.0,1355.8,291.0,1426.8,311.0,1426.2,,1560.3,2024-08,,602.0,-0.61
327,George Loffhagen,25.0,1451.8,,277.0,1439.8,434.0,1301.0,339.0,1408.2,,1649.0,2025-07,,301.0,0.08
328,Benjamin Hassan,31.3,1450.7,,329.0,1397.8,265.0,1452.4,316.0,1422.1,,1680.2,2023-10,,419.0,-0.24
329,Eliakim Coulibaly,24.1,1449.2,,261.0,1452.6,381.0,1348.2,312.0,1424.6,,1537.1,2025-05,,314.0,0.05
330,Marc Polmans,29.1,1449.0,,306.0,1414.0,321.0,1400.0,246.0,1462.3,,1618.1,2019-10,,344.0,-0.04
331,Yuta Shimizu,26.9,1446.4,,304.0,1417.0,426.0,1309.2,305.0,1429.8,,1590.8,2024-05,,356.0,-0.07
332,Federico Agustin Gomez,29.4,1445.0,,319.0,1402.6,312.0,1409.8,304.0,1430.5,,1668.6,2024-09,,212.0,0.45
333,Oliver Crawford,27.1,1444.1,,309.0,1412.5,342.0,1373.2,254.0,1457.3,,1580.7,2023-10,,232.0,0.36
334,Alex Martinez,25.1,1443.1,,355.0,1375.5,297.0,1422.2,317.0,1421.6,,1501.5,2024-07,,351.0,-0.05
335,Alexander Vasilev,19.1,1442.9,,408.0,1331.4,326.0,1395.7,318.0,1421.4,,1531.6,2026-03,,592.0,-0.57
336,Guido Ivan Justo,28.4,1442.7,,435.0,1307.0,283.0,1432.5,319.0,1421.3,,1500.8,2026-02,,238.0,0.34
337,Johannus Monday,24.3,1442.6,,302.0,1417.6,402.0,1331.3,431.0,1365.3,,1559.8,2026-01,,313.0,0.07
338,Alvaro Guillen Meza,23.4,1442.2,,477.0,1258.2,308.0,1411.5,352.0,1401.0,,1627.0,2025-11,,276.0,0.2
339,Abedallah Shelbayh,22.5,1441.8,,267.0,1447.9,421.0,1311.8,275.0,1447.1,,1648.2,2024-02,,264.0,0.25
340,Ryan Peniston,30.2,1441.0,,321.0,1402.0,366.0,1356.5,287.0,1440.0,,1723.2,2022-06,,389.0,-0.13
341,Juan Pablo Varillas,30.5,1440.1,,376.0,1356.8,285.0,1430.9,466.0,1348.2,,1730.0,2021-10,,308.0,0.1
342,Calvin Hemery,31.3,1438.9,,342.0,1387.2,267.0,1448.7,415.0,1371.6,,1651.1,2015-06,,291.0,0.16
343,Lilian Marmousez,24.3,1438.3,,338.0,1389.6,306.0,1412.7,320.0,1419.2,,1522.8,2026-01,,303.0,0.12
344,Sandro Kopp,26.0,1436.8,,413.0,1328.7,289.0,1428.0,324.0,1418.4,,1547.1,2025-11,,293.0,0.16
345,Antoine Escoffier,33.6,1435.7,,308.0,1413.4,481.0,1258.4,443.0,1360.8,,1628.4,2023-03,,581.0,-0.52
346,Daniel Michalski,26.4,1435.4,,286.0,1426.0,330.0,1386.1,235.0,1467.7,,1590.8,2020-02,,302.0,0.14
347,Edward Winter,21.6,1433.9,,316.0,1404.0,406.0,1326.9,279.0,1444.5,,1484.5,2026-05,,434.0,-0.22
348,Dimitar Kuzmanov,32.9,1431.4,,289.0,1424.7,327.0,1393.9,336.0,1410.6,,1640.1,2021-05,,427.0,-0.2
349,Ivan Gakhov,29.4,1430.2,,344.0,1386.6,331.0,1384.3,386.0,1386.6,,1659.6,2023-05,,387.0,-0.1
350,Stefan Kozlov,28.2,1429.0,,312.0,1408.3,325.0,1397.2,331.0,1414.4,,1724.4,2022-02,,317.0,0.1
351,Murphy Cassone,23.8,1429.0,,336.0,1392.6,414.0,1318.6,351.0,1402.0,,1684.9,2025-02,,289.0,0.19
352,Alexander Donski,27.8,1428.1,,275.0,1442.6,348.0,1368.7,240.0,1464.1,,1558.6,2021-09,,528.0,-0.41
353,Facundo Mena,33.6,1427.0,,379.0,1354.5,317.0,1405.6,400.0,1378.2,,1616.9,2019-09,,354.0,0.0
354,Andrea Collarini,34.3,1426.0,,420.0,1322.1,309.0,1410.9,487.0,1333.4,,1572.5,2019-09,,323.0,0.09
355,Paul Jubb,26.4,1425.8,,317.0,1403.3,393.0,1338.0,277.0,1445.2,,1632.1,2022-03,,331.0,0.07
356,Marat Sharipov,23.6,1424.6,,305.0,1415.7,353.0,1364.7,332.0,1412.3,,1613.9,2025-02,,381.0,-0.07
357,Sergey Fomin,25.3,1421.6,,361.0,1369.6,304.0,1414.2,334.0,1410.8,,1507.2,2026-04,,299.0,0.18
358,Matias Soto,27.1,1421.4,,418.0,1322.6,307.0,1411.7,335.0,1410.7,,1487.5,2026-04,,296.0,0.19
359,Keegan Smith,27.9,1421.0,,332.0,1394.6,485.0,1253.6,337.0,1410.5,,1453.4,2026-05,,247.0,0.37
360,Jason Jung,36.9,1420.1,,339.0,1389.2,363.0,1358.6,328.0,1417.2,,1661.3,2018-03,,1107.0,-1.12
361,Lorenzo Giustino,34.7,1419.8,,287.0,1425.5,370.0,1354.6,500.0,1315.7,,1643.8,2019-06,,226.0,0.47
362,Dan Added,27.1,1418.0,,322.0,1402.0,450.0,1285.3,338.0,1409.0,,1565.5,2025-11,,237.0,0.42
363,Matteo Martineau,27.4,1416.9,,328.0,1398.2,360.0,1360.3,377.0,1390.7,,1624.5,2024-02,,336.0,0.08
364,Blake Ellis,27.3,1416.0,,337.0,1390.4,415.0,1318.0,341.0,1408.0,,1501.3,2026-03,,502.0,-0.32
365,Moez Echargui,33.4,1415.8,,313.0,1407.8,388.0,1342.3,383.0,1387.8,,1647.0,2025-09,,157.0,0.84
366,Juan Pablo Ficovich,29.3,1414.6,,299.0,1418.5,332.0,1383.2,366.0,1397.4,,1597.4,2020-10,,197.0,0.62
367,Petr Bar Biryukov,24.3,1414.3,,301.0,1417.8,401.0,1331.5,429.0,1367.3,,1488.1,2025-10,,286.0,0.25
368,Ognjen Milic,19.0,1414.3,,325.0,1401.2,310.0,1410.6,256.0,1457.1,,1513.8,2026-03,,357.0,0.03
369,James Trotter,26.7,1414.2,,351.0,1380.4,367.0,1356.3,392.0,1384.9,,1658.1,2025-01,,420.0,-0.13
370,Daniel Masur,31.4,1413.4,,349.0,1382.5,329.0,1387.3,350.0,1402.2,,1621.9,2021-03,,379.0,-0.02
371,Bernabe Zapata Miralles,29.3,1413.1,,365.0,1366.2,314.0,1407.4,314.0,1423.5,,1779.9,2023-05,,,
372,Sascha Gueymard Wayenburg,22.8,1412.5,,334.0,1393.4,347.0,1369.1,419.0,1370.7,,1563.9,2025-01,,283.0,0.27
373,Matheus Pucinelli De Almeida,25.2,1412.2,,471.0,1270.4,319.0,1403.9,342.0,1407.0,,1650.0,2022-03,,397.0,-0.06
374,Hady Habib,27.4,1411.6,,368.0,1364.1,279.0,1435.4,302.0,1431.0,,1624.9,2025-05,,600.0,-0.47
375,Justin Engel,18.6,1411.4,,311.0,1410.5,416.0,1317.8,292.0,1434.8,,1607.8,2025-11,,279.0,0.3
376,Johan Alexander Rodriguez Rodriguez,22.7,1411.0,,340.0,1389.1,352.0,1365.1,344.0,1405.5,,1490.1,2026-06,,560.0,-0.4
377,Marek Gengel,30.3,1410.6,,352.0,1377.3,479.0,1260.0,432.0,1364.9,,1505.8,2023-01,,370.0,0.02
378,Charles Broom,28.1,1408.7,,331.0,1396.1,451.0,1285.1,388.0,1385.9,,1536.4,2024-06,,285.0,0.28
379,Tibo Colson,25.7,1408.7,,383.0,1351.6,374.0,1352.5,347.0,1404.4,,1422.6,2026-04,,482.0,-0.24
380,Tung Lin Wu,28.0,1406.1,,354.0,1375.9,298.0,1421.1,440.0,1362.5,,1605.0,2023-04,,345.0,0.1
381,Maks Kasnikowski,22.9,1400.3,,362.0,1368.8,301.0,1417.5,268.0,1450.1,,1652.1,2024-06,,284.0,0.29
382,Michael Geerts,31.2,1399.5,,347.0,1382.8,382.0,1347.9,474.0,1343.4,,1540.6,2023-03,,333.0,0.14
383,Florent Bax,26.9,1399.2,,343.0,1387.0,358.0,1362.6,358.0,1399.6,,1474.2,2026-01,,262.0,0.38
384,Francesco Forti,26.8,1398.7,,416.0,1323.7,344.0,1371.7,359.0,1399.4,,1478.8,2019-07,,378.0,0.02
385,Manas Dhamne,18.4,1398.6,,335.0,1393.2,371.0,1354.1,271.0,1449.3,,1534.7,2026-04,,386.0,0.0
386,Miguel Damas,26.5,1398.3,,412.0,1328.9,346.0,1369.7,360.0,1399.2,,1466.4,2026-04,,280.0,0.32
387,Marvin Moeller,27.3,1396.2,,366.0,1364.8,333.0,1383.1,272.0,1448.1,,1567.7,2021-07,,372.0,0.04
388,Oleg Prihodko,28.6,1395.4,,318.0,1403.2,400.0,1331.7,363.0,1397.7,,1514.0,2021-12,,428.0,-0.1
389,Hernan Casanova,32.3,1393.2,,473.0,1262.9,337.0,1381.1,430.0,1365.8,,1474.0,2022-09,,409.0,-0.05
390,Milos Karol,23.5,1393.1,,401.0,1333.2,351.0,1365.7,368.0,1396.6,,1457.6,2025-10,,445.0,-0.13
391,Luciano Emanuel Ambrogi,22.5,1392.1,,489.0,1247.2,335.0,1381.8,370.0,1396.1,,1436.0,2026-06,,320.0,0.2
392,Alastair Gray,28.0,1390.4,,360.0,1370.4,430.0,1305.2,473.0,1344.9,,1526.5,2024-01,,277.0,0.35
393,Philip Sekulic,22.6,1390.0,,369.0,1363.3,464.0,1273.8,450.0,1356.8,,1533.1,2024-07,,322.0,0.2
394,Jakub Paul,27.0,1389.2,,393.0,1340.1,383.0,1347.6,371.0,1394.6,,1506.3,2025-08,,527.0,-0.29
395,Geoffrey Blancaneaux,27.8,1387.4,,356.0,1374.9,341.0,1376.0,495.0,1321.7,,1591.5,2023-05,,390.0,0.01
396,Filip Cristian Jianu,24.7,1387.2,,436.0,1305.4,359.0,1362.1,413.0,1371.8,,1578.5,2019-09,,278.0,0.35
397,Federico Bondioli,21.1,1387.2,,491.0,1246.7,340.0,1377.9,454.0,1354.8,,1422.6,2025-06,,363.0,0.09
398,Rudolf Molleker,25.4,1386.8,,392.0,1340.8,334.0,1381.9,438.0,1362.7,,1712.9,2019-06,,484.0,-0.2
399,Jonas Forejtek,25.2,1386.8,,403.0,1332.9,354.0,1363.5,405.0,1376.4,,1614.5,2022-05,,315.0,0.24
400,Dmitry Popko,29.4,1385.2,,326.0,1399.6,396.0,1334.0,493.0,1322.8,,1631.7,2020-01,,652.0,-0.49
401,Nicolas Kicker,33.8,1384.6,,389.0,1345.2,343.0,1373.2,478.0,1341.8,,1706.2,2018-05,,327.0,0.2
402,Braden Shick,22.5,1384.5,,374.0,1358.0,413.0,1319.2,373.0,1392.3,,1404.1,2026-06,,325.0,0.21
403,Samir Banerjee,22.1,1383.9,,370.0,1361.0,431.0,1302.0,374.0,1392.0,,1472.4,2025-09,,418.0,-0.04
404,Jie Cui,28.2,1382.9,,381.0,1353.5,488.0,1249.3,375.0,1391.5,,1491.5,2025-05,,470.0,-0.15
405,Quinn Vandecasteele,23.7,1382.7,,363.0,1367.8,432.0,1301.3,462.0,1351.9,,1409.2,2026-03,,455.0,-0.12
406,Mathys Erhard,24.6,1381.7,,386.0,1348.3,377.0,1351.4,376.0,1390.8,,1455.1,2025-11,,377.0,0.07
407,Aidan Mayo,23.0,1380.2,,373.0,1358.9,420.0,1312.9,369.0,1396.3,,1541.1,2024-11,,561.0,-0.32
408,Khumoun Sultanov,27.4,1379.1,,364.0,1367.1,460.0,1277.7,354.0,1400.2,,1553.9,2025-02,,,
409,Murkel Alejandro Dellien Velasco,28.6,1378.6,,375.0,1357.2,349.0,1368.2,427.0,1368.2,,1602.5,2022-01,,307.0,0.29
410,Tom Paris,23.7,1377.4,,377.0,1355.9,418.0,1316.7,381.0,1388.7,,1497.2,2025-11,,391.0,0.05
411,Tommaso Compagnucci,26.6,1375.9,,492.0,1244.5,357.0,1362.9,382.0,1387.9,,1405.9,2026-06,,365.0,0.12
412,Denis Yevseyev,33.0,1375.2,,357.0,1373.2,390.0,1340.8,365.0,1397.5,,1565.7,2024-01,,448.0,-0.08
413,Alex Barrena,23.6,1374.9,,480.0,1255.6,385.0,1346.6,384.0,1387.5,,1596.1,2025-07,,253.0,0.49
414,Lucio Ratti,22.3,1373.5,,430.0,1310.2,378.0,1350.3,385.0,1386.8,,1406.9,2026-06,,398.0,0.04
415,Michele Ribecai,23.3,1372.9,,449.0,1288.8,362.0,1359.0,387.0,1386.5,,1437.5,2026-06,,265.0,0.45
416,Alfredo Perez,28.4,1371.6,,400.0,1333.4,338.0,1379.7,389.0,1385.8,,1451.2,2025-10,,610.0,-0.38
417,Henry Bernet,19.3,1371.5,,428.0,1315.8,373.0,1353.0,390.0,1385.8,,1537.6,2025-11,,458.0,-0.09
418,Tyler Zink,25.3,1370.8,,384.0,1350.9,440.0,1293.5,355.0,1400.2,,1473.9,2025-10,,330.0,0.24
419,Niels Visker,24.7,1370.7,,367.0,1364.5,476.0,1261.7,364.0,1397.6,,1420.6,2026-06,,453.0,-0.08
420,Gabi Adrian Boitan,26.8,1369.8,,388.0,1345.3,376.0,1351.5,291.0,1434.9,,1488.6,2022-03,,394.0,0.06
421,Stefan Palosi,26.1,1368.8,,445.0,1294.4,369.0,1354.7,393.0,1384.4,,1405.5,2026-02,,411.0,0.02
422,Juan Bautista Torres,24.2,1368.6,,452.0,1286.4,365.0,1356.6,394.0,1384.3,,1586.6,2022-07,,290.0,0.38
423,Akira Santillan,29.0,1366.9,,391.0,1342.5,408.0,1324.5,477.0,1342.1,,1658.6,2017-08,,310.0,0.31
424,Eero Vasa,29.3,1364.2,,415.0,1326.2,386.0,1344.8,298.0,1432.1,,1415.6,2016-03,,451.0,-0.06
425,Hayato Matsuoka,21.3,1360.6,,406.0,1331.7,443.0,1290.3,397.0,1380.3,,1542.5,2026-03,,346.0,0.21
426,Gonzalo Villanueva,31.4,1360.5,,493.0,1243.6,379.0,1350.1,398.0,1380.2,,1454.7,2022-05,,355.0,0.18
427,Carlos Sanchez Jover,25.9,1360.1,,487.0,1250.3,391.0,1340.7,399.0,1380.0,,1440.5,2023-09,,366.0,0.15
428,Mert Alkaya,25.9,1358.0,,397.0,1336.6,409.0,1323.4,391.0,1385.8,,1499.5,2026-04,,332.0,0.25
429,Eduardo Ribeiro,28.2,1355.8,,479.0,1256.4,387.0,1342.8,401.0,1377.9,,1463.2,2026-03,,375.0,0.13
430,Kaichi Uchida,31.7,1354.9,,410.0,1331.4,436.0,1298.8,379.0,1390.1,,1571.8,2023-02,,257.0,0.51
431,Nicolas Alvarez Varona,25.0,1353.4,,350.0,1382.0,433.0,1301.2,403.0,1376.7,,1526.2,2022-11,,457.0,-0.06
432,Hiroki Moriya,35.6,1352.8,,424.0,1320.8,484.0,1254.8,459.0,1353.6,,1584.0,2012-12,,472.0,-0.09
433,Justin Boulais,24.5,1351.7,,414.0,1326.4,449.0,1285.9,406.0,1375.9,,1416.6,2023-07,,396.0,0.09
434,Alex Rybakov,29.2,1351.7,,432.0,1309.8,425.0,1310.5,367.0,1397.0,,1516.5,2022-07,,432.0,0.0
435,Niels Mcdonald,18.4,1351.1,,490.0,1246.9,361.0,1359.5,408.0,1375.6,,1397.5,2025-07,,569.0,-0.27
436,Daniel Milavsky,24.6,1348.5,,396.0,1337.1,467.0,1267.4,453.0,1355.0,,1406.9,2026-02,,367.0,0.17
437,Maximus Jones,21.6,1347.8,,423.0,1321.8,419.0,1316.4,410.0,1373.9,,1524.4,2025-04,,437.0,0.0
438,Valerio Aboian,24.0,1347.5,,499.0,1233.6,392.0,1339.0,411.0,1373.7,,1371.8,2026-06,,442.0,-0.01
439,Alexandr Binda,24.5,1346.0,,451.0,1287.0,399.0,1331.8,412.0,1373.0,,1450.9,2025-07,,480.0,-0.09
440,Tai Sach,23.5,1343.4,,421.0,1321.9,456.0,1281.7,414.0,1371.7,,1436.6,2026-02,,508.0,-0.14
441,Cannon Kingsley,24.9,1342.3,,390.0,1344.5,475.0,1262.4,417.0,1371.1,,1468.0,2023-09,,429.0,0.03
442,Luca Potenza,25.9,1342.1,,427.0,1317.3,438.0,1297.1,418.0,1371.0,,1470.3,2022-06,,438.0,0.01
443,Sergio Callejon Hernando,21.7,1340.3,,438.0,1304.4,422.0,1311.8,422.0,1370.1,,1418.7,2026-03,,441.0,0.0
444,Olaf Pieczkowski,21.8,1338.4,,409.0,1331.4,403.0,1329.4,321.0,1419.2,,1621.0,2023-11,,583.0,-0.27
445,Andres Martin,24.8,1337.0,,405.0,1331.7,428.0,1306.1,323.0,1418.5,,1603.6,2022-07,,306.0,0.37
446,Mae Malige,19.9,1336.9,,433.0,1308.6,499.0,1229.1,426.0,1368.4,,1435.8,2025-10,,546.0,-0.2
447,Ioannis Xilas,25.0,1336.7,,398.0,1336.3,394.0,1337.7,325.0,1418.4,,1652.3,2025-08,,362.0,0.21
448,Garrett Johns,25.3,1336.2,,417.0,1323.4,442.0,1291.1,428.0,1368.1,,1534.5,2025-08,,382.0,0.16
449,Corentin Denolly,28.8,1331.3,,469.0,1271.4,441.0,1292.5,460.0,1352.3,,1455.6,2025-03,,423.0,0.06
450,Patrick Zahraj,26.8,1330.8,,419.0,1322.3,480.0,1258.6,407.0,1375.9,,1596.7,2025-03,,401.0,0.12
451,Santiago Fa Rodriguez Taverna,26.9,1330.8,,454.0,1286.1,411.0,1321.7,461.0,1352.1,,1672.6,2022-01,,384.0,0.16
452,Conner Huertas Del Pino,30.5,1329.3,,434.0,1307.1,424.0,1310.7,433.0,1364.6,,1393.4,2026-06,,641.0,-0.35
453,Miguel Tobon,20.0,1328.4,,441.0,1300.8,423.0,1311.2,409.0,1375.1,,1600.3,1995-09,,463.0,-0.02
454,James Watt,25.9,1328.3,,422.0,1321.9,496.0,1238.9,447.0,1359.6,,1360.2,2026-01,,678.0,-0.4
455,Federico Arnaboldi,25.9,1328.2,,442.0,1300.0,445.0,1289.0,486.0,1333.6,,1623.0,2024-08,,585.0,-0.25
456,Masamichi Imamura,27.5,1327.9,,443.0,1297.0,463.0,1273.9,435.0,1363.9,,1394.5,2024-11,,417.0,0.09
457,Karim Bennani,18.7,1326.7,,385.0,1349.1,472.0,1263.3,436.0,1363.3,,1522.8,2026-04,,517.0,-0.12
458,Jacopo Berrettini,27.2,1325.4,,478.0,1257.8,395.0,1335.8,439.0,1362.7,,1592.3,2024-05,,503.0,-0.09
459,Olukayode Alafia Damina Ayeni,26.7,1323.9,,431.0,1310.0,498.0,1229.5,497.0,1318.2,,1374.8,2022-10,,444.0,0.03
460,Luis Guto Miguel,17.1,1322.0,,472.0,1267.1,417.0,1317.1,442.0,1361.0,,1351.0,2026-05,,829.0,-0.59
461,Pietro Fellin,24.8,1321.5,,439.0,1303.8,491.0,1245.4,444.0,1360.8,,1419.7,2026-02,,446.0,0.03
462,Patrick Maloney,25.6,1320.7,,465.0,1273.3,410.0,1322.0,420.0,1370.7,,1467.5,2025-07,,781.0,-0.53
463,Viktor Durasovic,29.2,1320.0,,411.0,1329.2,473.0,1263.2,509.0,1303.7,,1494.2,2025-02,,481.0,-0.04
464,Neil Oberleitner,26.4,1319.6,,453.0,1286.4,465.0,1271.8,446.0,1359.8,,1378.0,2024-07,,616.0,-0.28
465,Robin Bertrand,23.2,1318.8,,425.0,1320.6,506.0,1220.6,448.0,1359.4,,1540.9,2024-07,,324.0,0.36
466,Johan Nikles,29.0,1318.7,,466.0,1273.0,429.0,1306.1,449.0,1359.3,,1535.7,2022-06,,425.0,0.09
467,Karl Poling,26.8,1313.7,,426.0,1320.3,507.0,1216.4,502.0,1315.2,,1328.1,2026-06,,506.0,-0.08
468,Blaise Bicknell,24.4,1313.2,,448.0,1289.5,447.0,1287.4,343.0,1406.6,,1587.2,2024-02,,318.0,0.39
469,Dan Martin,26.9,1313.2,,462.0,1276.1,462.0,1274.7,491.0,1328.7,,1374.1,2025-11,,497.0,-0.06
470,Jelle Sels,30.8,1312.5,,402.0,1333.0,453.0,1282.7,529.0,1252.5,,1640.8,2022-11,,490.0,-0.04
471,Cruz Hewitt,17.1,1310.7,,447.0,1292.5,469.0,1265.3,452.0,1355.3,,1349.3,2026-02,,606.0,-0.25
472,Tsung Hao Huang,26.2,1308.8,,460.0,1279.6,470.0,1264.4,455.0,1354.4,,1406.7,2023-10,,612.0,-0.26
473,Arda Azkara,23.1,1307.7,,446.0,1292.9,471.0,1263.8,458.0,1353.8,,1352.0,2026-06,,697.0,-0.39
474,Svyatoslav Gulin,23.5,1307.7,,476.0,1258.3,435.0,1299.1,457.0,1353.9,,1402.2,2023-11,,584.0,-0.21
475,Daniel Dutra Da Silva,37.9,1307.0,,500.0,1232.2,454.0,1282.2,482.0,1339.6,,1519.5,2009-02,,413.0,0.14
476,Sasi Kumar Mukund,29.3,1305.7,,458.0,1281.1,494.0,1241.0,499.0,1316.2,,1498.8,2019-02,,545.0,-0.14
477,Ivan Marrero Curbelo,27.6,1302.5,,497.0,1237.3,405.0,1327.8,463.0,1351.3,,1322.5,2026-05,,374.0,0.24
478,Kaylan Bigun,19.8,1301.7,,464.0,1274.9,495.0,1239.8,464.0,1350.9,,1423.0,2025-08,,507.0,-0.06
479,Olle Wallin,24.6,1299.7,,461.0,1278.0,446.0,1288.8,465.0,1349.8,,1488.2,2025-07,,447.0,0.07
480,Maxime Janvier,29.6,1297.3,,457.0,1281.6,478.0,1260.9,470.0,1346.9,,1601.5,2019-09,,572.0,-0.18
481,Omar Jasika,28.9,1295.9,,468.0,1271.9,492.0,1244.9,531.0,1242.5,,1669.1,2017-02,,531.0,-0.1
482,Lucas Poullain,30.5,1295.3,,455.0,1286.0,502.0,1225.5,467.0,1347.7,,1590.8,2023-10,,431.0,0.11
483,Robert Strombachs,26.6,1294.4,,450.0,1287.2,483.0,1255.8,469.0,1347.2,,1479.9,2025-05,,452.0,0.07
484,Carl Emil Overbeck,24.6,1292.9,,470.0,1271.2,482.0,1256.5,471.0,1346.5,,1413.1,2025-11,,430.0,0.12
485,Alejo Sanchez Quilez,20.9,1292.8,,474.0,1262.1,466.0,1268.2,472.0,1346.4,,1390.8,2026-03,,498.0,-0.03
486,Pierluigi Basile,19.4,1286.1,,512.0,1195.6,439.0,1296.6,475.0,1343.0,,1426.9,2025-06,,839.0,-0.55
487,Kasidit Samrej,25.2,1285.4,,475.0,1259.8,364.0,1356.9,372.0,1392.7,,1424.3,2019-04,,388.0,0.23
488,Juan Estevez,20.7,1284.3,,485.0,1252.2,461.0,1276.7,476.0,1342.2,,1350.7,2026-06,,341.0,0.36
489,Taha Baadi,24.6,1282.1,,488.0,1249.6,457.0,1279.8,506.0,1305.3,,1300.1,2025-09,,519.0,-0.06
490,Carlo Alberto Caniato,20.6,1281.5,,502.0,1228.6,459.0,1277.9,479.0,1340.7,,1451.2,2025-09,,,
491,Joaquin Aguilar Cardozo,21.2,1281.4,,440.0,1302.5,452.0,1284.6,378.0,1390.7,,1554.4,2023-09,,,
492,Pedro Sakamoto,32.9,1281.1,,482.0,1254.4,468.0,1266.3,480.0,1340.5,,1495.6,2019-05,,496.0,-0.01
493,Adria Soriano Barrera,26.7,1279.6,,459.0,1280.9,503.0,1225.5,481.0,1339.8,,1429.0,2025-07,,433.0,0.13
494,Alan Magadan,24.8,1274.1,,463.0,1275.1,497.0,1237.7,483.0,1337.1,,1381.1,2025-07,,632.0,-0.25
495,Yusuke Takahashi,28.6,1267.7,,494.0,1243.3,474.0,1262.5,484.0,1333.9,,1451.5,2018-01,,666.0,-0.3
496,Raphael Perot,24.9,1267.6,,501.0,1230.8,477.0,1261.2,485.0,1333.8,,1293.7,2026-06,,395.0,0.23
497,Aristotelis Thanos,24.6,1267.4,,481.0,1254.6,404.0,1328.2,395.0,1383.7,,1576.3,2025-02,,573.0,-0.14
498,Christian Langmo,29.8,1266.5,,483.0,1254.0,527.0,1140.8,488.0,1333.2,,1411.8,2023-04,,464.0,0.07
499,San Hui Sin,29.0,1265.1,,495.0,1242.2,493.0,1242.6,489.0,1332.6,,1314.1,2025-08,,449.0,0.11
500,Max Wiskandt,24.3,1262.7,,504.0,1226.1,486.0,1253.1,508.0,1304.1,,1454.0,2025-04,,537.0,-0.07
501,Juan Alejandro Hernandez Serrano,26.9,1260.0,,484.0,1253.7,504.0,1221.6,490.0,1330.0,,1315.8,2026-04,,422.0,0.17
502,Gabriele Piraino,22.6,1253.7,,509.0,1201.8,489.0,1247.8,492.0,1326.8,,1397.2,2026-02,,371.0,0.3
503,Bor Artnak,21.9,1253.3,,496.0,1241.0,444.0,1290.2,404.0,1376.7,,1587.4,2022-09,,435.0,0.15
504,Mateus Alves,25.2,1244.5,,526.0,1146.2,490.0,1246.9,494.0,1322.3,,1422.1,2024-11,,456.0,0.1
505,Naoya Honda,20.1,1239.5,,498.0,1236.3,512.0,1203.1,496.0,1319.8,,1290.3,2026-03,,771.0,-0.42
506,Aryan Shah,20.3,1235.2,,503.0,1227.9,501.0,1226.1,498.0,1317.6,,1524.6,2025-07,,617.0,-0.2
507,Filip Peliwo,32.3,1233.6,,507.0,1210.8,487.0,1251.5,521.0,1280.6,,1570.6,2014-04,,479.0,0.06
508,Juan Sebastian Gomez,34.2,1230.8,,508.0,1206.3,505.0,1220.9,501.0,1315.4,,1319.2,2017-09,,562.0,-0.1
509,Renta Tokuda,28.0,1223.7,,511.0,1196.6,521.0,1173.1,503.0,1311.8,,1380.8,2018-05,,392.0,0.26
510,Vadym Ursu,29.2,1222.7,,513.0,1195.6,522.0,1167.6,518.0,1290.3,,1281.3,2025-11,,393.0,0.26
511,Saba Purtseladze,24.7,1220.3,,486.0,1251.8,531.0,1110.1,520.0,1288.2,,1466.8,2025-05,,649.0,-0.24
512,Lorenzo Joaquin Rodriguez,26.7,1218.5,,514.0,1185.4,510.0,1209.1,504.0,1309.3,,1362.4,2024-04,,454.0,0.12
513,Dominik Palan,25.6,1214.0,,510.0,1201.3,516.0,1195.2,505.0,1307.0,,1441.5,2023-07,,500.0,0.03
514,Moerani Bouzige,26.7,1210.6,,517.0,1179.6,508.0,1215.3,507.0,1305.3,,1416.7,2024-12,,443.0,0.15
515,Kokoro Isomura,23.3,1205.7,,519.0,1176.3,509.0,1212.9,510.0,1302.9,,1428.8,2024-11,,557.0,-0.08
516,Joao Eduardo Schiessl,21.7,1201.5,,520.0,1173.9,513.0,1203.0,511.0,1300.7,,1394.0,2025-10,,504.0,0.02
517,Carlos Maria Zarate,,1199.9,,505.0,1212.2,518.0,1187.0,512.0,1300.0,,1301.9,2025-10,,412.0,0.23
518,Andrew Fenty,26.2,1199.3,,516.0,1182.7,515.0,1197.8,513.0,1299.6,,1297.0,2026-01,,400.0,0.26
519,Mariano Kestelboim,30.1,1198.4,,523.0,1170.6,517.0,1189.0,514.0,1299.2,,1312.1,2025-06,,686.0,-0.28
520,Mitsuki Wei Kang Leong,21.7,1192.0,,522.0,1173.6,511.0,1206.0,515.0,1296.0,,1291.1,2024-09,,547.0,-0.05
521,Tomasz Berkieta,19.9,1182.2,,506.0,1211.1,525.0,1152.8,516.0,1291.1,,1302.8,2025-11,,543.0,-0.04
522,Ryan Dickerson,29.0,1180.8,,521.0,1173.8,519.0,1186.9,517.0,1290.4,,1234.9,2026-05,,596.0,-0.13
523,Sebastian Gima,24.0,1179.0,,527.0,1143.2,520.0,1183.1,519.0,1289.5,,1251.0,2025-08,,516.0,0.01
524,Tiago Pereira,21.9,1178.8,,529.0,1142.3,514.0,1200.1,528.0,1255.5,,1406.9,2025-08,,337.0,0.44
525,Luca Castelnuovo,29.3,1175.7,,525.0,1165.9,524.0,1162.3,527.0,1260.2,,1285.6,2026-02,,410.0,0.25
526,Lorenzo Carboni,20.2,1160.5,,531.0,1123.4,523.0,1165.6,522.0,1280.2,,1325.2,2023-08,,474.0,0.1
527,Paulo Andre Saraiva Dos Santos,25.9,1154.1,,524.0,1166.2,526.0,1143.8,523.0,1277.0,,1327.3,2026-03,,512.0,0.03
528,Bruno Fernandez,21.9,1149.3,,515.0,1184.6,528.0,1139.4,524.0,1274.6,,1363.7,2026-02,,628.0,-0.17
529,Nicolas Villalon,22.3,1135.4,,518.0,1177.7,530.0,1127.6,525.0,1267.7,,1217.7,2026-04,,667.0,-0.23
530,Karan Singh,22.9,1133.9,,532.0,1090.4,500.0,1227.7,526.0,1267.0,,1339.8,2025-02,,487.0,0.08
531,Jake Delaney,28.9,1103.0,,533.0,1088.3,529.0,1131.7,530.0,1251.5,,1252.3,2025-11,,383.0,0.33
532,Santiago De La Fuente,24.3,1066.2,,528.0,1143.1,532.0,1063.0,532.0,1233.1,,1198.3,2022-04,,626.0,-0.16
533,Maximo Zeitune,19.2,1043.6,,530.0,1131.8,533.0,1032.8,533.0,1221.8,,1229.7,2026-01,,627.0,-0.16
Elo RankPlayerAgeElo hElo RankhElocElo RankcElogElo RankgElo Peak EloPeak Month ATP RankLog diff 1Jannik Sinner24.72319.812263.212215.712088.32339.82026-0510 2Carlos Alcaraz22.92161.822088.322101.622029.22308.52026-0320 3Alexander Zverev29.12099.732041.532051.141913.62176.52022-0130 4Novak Djokovic39.02059.342021.751959.231924.92463.22016-058-0.69 5Arthur Fils21.82000.681929.771935.1171776.42051.02026-0424-1.57 6Rafael Jodar19.61998.6171872.761948.9391699.32014.02026-0526-1.47 7Casper Ruud27.41983.1131888.741973.0291714.82071.92022-0512-0.54 8Daniil Medvedev30.31977.451962.381889.071855.12201.22022-019-0.12 9Alex De Minaur27.31960.861935.4111869.281833.82053.12024-0660.41 10Ben Shelton23.61960.391921.6191845.051863.32024.42025-0850.69 11Felix Auger Aliassime25.81957.971932.2141863.9131789.12062.72022-1041.01 12Tommy Paul29.01948.5151881.291885.5111800.82028.82025-0525-0.73 13Learner Tien20.51941.1111904.3261821.4321711.31977.42026-0317-0.27 14Jakub Mensik20.71931.3121892.9161861.1281715.71969.62026-0218-0.25 15Francisco Cerundolo27.81931.0161880.1121868.3151783.51961.62025-0421-0.34 16Joao Fonseca19.81927.6101913.7171856.3431686.11992.52025-0327-0.52 17Jiri Lehecka24.51921.6141882.1241825.5121798.41989.92025-10140.19 18Frances Tiafoe28.31918.0181861.4231827.491823.31974.02023-0619-0.05 19Taylor Fritz28.61909.0231838.5431760.961856.62070.22025-0971.00 20Alexander Blockx21.11905.5321793.1131867.9401697.81907.22026-0536-0.59 21Valentin Vacherot27.51902.6191852.2331788.8991605.31929.62026-04200.05 22Andrey Rublev28.61902.2201848.5101872.4141784.42122.12021-04130.53 23Flavio Cobolli24.11896.3281809.6151862.4231742.21914.62026-05100.83 24Raphael Collignon24.41893.5241836.8281813.2371702.31924.12026-0543-0.58 25Alejandro Davidovich Fokina27.01893.2221842.4291813.0161782.01934.82025-07230.08 26Alexander Bublik28.91889.2251836.7251822.4101802.01988.62026-01110.86 27Lorenzo Musetti24.11868.8291803.5181852.6221750.42050.52025-05150.59 28Ugo Humbert27.91867.7211843.3491732.1181768.62017.72024-0330-0.07 29Tomas Machac25.61865.9261829.3371782.8351705.91972.72025-0449-0.52 30Dino Prizmic20.81840.8571733.1301802.81001599.71886.52026-0589-1.09 31Hamad Medjedovic22.91840.5491744.1271816.3501662.21859.92026-0568-0.79 32Brandon Nakashima24.81839.0341787.7471734.9191756.71909.52024-09310.03 33Luciano Darderi24.31834.5861678.3211835.6791630.71858.12026-05160.72 34Stefanos Tsitsipas27.81833.1301802.5201840.8481673.32145.12021-0587-0.94 35Matteo Berrettini30.11831.4311797.4321790.1241739.02065.72022-0751-0.38 36Matteo Arnaldi25.31829.7591732.2221830.3811630.31902.92024-06350.03 37Cameron Norrie30.81828.8331789.0341787.7271719.32028.62022-08290.24 38Karen Khachanov30.01828.1361782.9351787.3251724.82029.52018-10220.55 39Alex Michelsen21.71825.0271810.1721694.4331710.11904.82025-0146-0.17 40Jack Draper24.41822.3371782.5691696.6361704.02103.82025-04131-1.19 41Mariano Navone25.31822.2771692.9311800.11231566.61875.92024-04380.08 42Ignacio Buse22.21822.01021661.6361786.2781631.41844.92026-05340.21 43Alejandro Tabilo29.01819.3461749.9381781.3491670.31895.72024-07330.26 44Tomas Martin Etcheverry26.91812.0411765.7391767.21181574.71871.72023-05320.32 45Sebastian Korda25.61808.6421765.0871669.9461679.02020.72023-0163-0.34 46Zizou Bergs27.01807.8451756.8701696.3311711.91859.22025-03370.22 47Ethan Quinn22.21804.1401767.2771688.2301712.21842.92026-03470 48Gael Monfils39.71803.3351783.5801684.9621651.82087.12016-10266-1.71 49Kamil Majchrzak30.41800.6531739.2551723.4201756.61813.12025-10450.09 50Pablo Carreno Busta34.81800.5501744.0401766.61011598.02005.12021-0871-0.35 51Marin Cilic37.71800.4441761.5661701.2211756.32100.42010-0262-0.20 52Hubert Hurkacz29.31798.2621726.5411762.2381699.92022.52024-0696-0.61 53Eliot Spizzirri24.41796.1431765.01491584.1821630.01835.52026-0297-0.60 54Arthur Cazaux23.51792.9541737.6651702.8551658.71811.92025-1078-0.37 55Juan Manuel Cerundolo24.51790.41041657.5421761.61201570.41803.92026-06420.27 56Tallon Griekspoor29.91789.3381776.5541725.7261720.71951.82025-0658-0.04 57Fabian Marozsan26.71784.3481746.6571715.7591653.61867.22024-04530.07 58Yannick Hanfmann34.61781.2641720.9451741.4691640.21843.42023-06560.04 59Arthur Rinderknech30.81779.9471747.6601712.5661644.91871.82025-10280.75 60Jordan Thompson31.71772.4581732.61341604.6341708.71891.22024-12156-0.96 61Denis Shapovalov27.11771.2391775.1841676.4721636.21983.22020-01410.40 62Nuno Borges29.31769.0671714.1531725.9581655.51843.62025-03480.26 63Miomir Kecmanovic26.81768.4701709.0481732.9671641.11900.62022-04500.23 64Jaume Munar29.11765.8511743.0641705.61051593.01830.42025-10440.37 65Camilo Ugo Carabelli26.91759.21171641.5461740.61931496.21771.92025-05590.10 66Sebastian Baez25.41758.9711708.6561717.61411545.91941.42022-07570.15 67Holger Rune22.41756.9631724.5511728.7831628.42082.02023-0577-0.14 68Pablo Llamas Ruiz23.61756.81221630.4501732.11211569.61773.52026-06119-0.56 69Marton Fucsovics34.31755.6651719.0781685.9411694.71924.22021-0376-0.10 70Roman Safiullin28.81749.7731703.5441754.1851626.81911.32024-01132-0.63 71Benjamin Bonzi29.91749.1681713.01191621.7471677.91835.82022-0693-0.27 72Reilly Opelka28.71748.9561733.8991644.0761634.61927.52022-04115-0.47 73Rinky Hijikata25.31747.6761693.71541577.3441681.81756.72026-0682-0.12 74Juncheng Shang21.01745.8751698.41031640.2631650.81895.72024-09274-1.31 75Toby Samuel23.71745.3601728.61071635.41031594.61787.02026-04123-0.49 76Corentin Moutet27.11744.7611726.8751692.0651647.61881.92025-10390.67 77Soon Woo Kwon28.51744.4661715.61151625.31111589.01830.72023-01200-0.95 78Daniel Merida Aguilar21.71743.6901675.5671700.01331556.71798.12026-0584-0.07 79Grigor Dimitrov35.11743.5551735.6981647.4511661.92111.52014-08146-0.61 80Botic Van De Zandschulp30.61742.9691710.5761690.31021595.01938.02022-09540.39 81Yibing Wu26.61742.8521740.8861670.21641517.21882.92023-03102-0.23 82Alex Molcan28.51742.21091652.5611711.8871624.11872.52022-07101-0.21 83Alexei Popyrin26.81741.2831680.5521726.61131585.11902.22024-10103-0.22 84Thiago Agustin Tirante25.11740.61191636.0581714.81251564.41759.12026-05550.42 85Adolfo Daniel Vallejo22.11740.01991519.7621708.21091590.21780.42026-05720.17 86Vit Kopriva29.01739.7961670.2681699.4911621.71760.52025-05640.30 87Giovanni Mpetshi Perricard22.91737.6941671.8851672.7531661.61862.82024-12830.05 88Jaime Faria22.81735.41311615.2631706.3881623.91755.42026-0698-0.11 89Daniel Altmaier27.71733.81101651.5741692.8951611.01789.12021-08610.38 90Martin Landaluce20.41726.5791684.8951654.3751634.81764.12026-05600.41 91Nishesh Basavareddy21.01721.5841680.51101634.21431544.11856.62025-01135-0.39 92Arthur Fery23.91720.6801684.51571570.41061592.51751.32026-03114-0.21 93Mattia Bellucci25.01720.3881677.81281609.8571656.51814.32024-10670.33 94Lorenzo Sonego31.11719.2741701.51091634.6841628.41895.32021-05690.31 95Marcos Giron32.91718.2721704.31351603.9901621.91874.12025-03920.03 96Zachary Svajda23.51717.8781689.91441588.9561657.11794.02026-02660.37 97Titouan Droguet24.91717.41111650.2811680.8801630.41735.32026-06116-0.18 98Gabriel Diallo24.71715.7871678.21121628.9701638.81889.22025-06880.11 99Kei Nishikori36.31714.0851680.31291609.51071591.12194.22016-08720-1.98 100Sebastian Ofner30.01713.21081654.8821680.4731635.21812.72024-01110-0.10 101Roman Andres Burruchaga24.41711.21821544.8731694.01371550.91764.52026-04650.44 102Jesper De Jong26.01710.61361606.9711695.61531536.31741.02025-10730.33 103Bu Yunchaokete24.31708.71131643.91301608.3711638.01834.92024-09107-0.04 104Quentin Halys29.61706.6891676.8901664.1961608.21811.42023-04950.09 105Otto Virtanen24.91706.3921674.41931531.6421687.91768.82024-03140-0.29 106Martin Damm22.71705.51061656.71881534.9541659.81767.91999-111060 107Laslo Djere31.01704.41301616.7591714.61171574.81854.62023-09234-0.78 108Emilio Nava24.51703.91291621.0791685.91291560.21742.12026-06860.23 109Terence Atmane24.41703.5931673.51141627.91421544.21763.02026-05520.74 110Adam Walton27.11703.2971668.91791543.11241565.41747.12025-04850.26 111Luca Van Assche22.01701.0821681.31051638.51341555.41801.52023-04800.33 112Roberto Bautista Agut38.11700.2981668.21041639.7521661.82033.82016-02183-0.49 113Gustavo Heide24.21695.41861535.8831678.61651517.21695.42026-06141-0.22 114Michael Zheng22.31695.2951671.51551576.21711514.71777.32025-09144-0.23 115Francisco Comesana25.61694.81161641.8941656.01281560.31761.92025-08910.23 116Jenson Brooksby25.61694.4811682.21311607.4771633.82005.32022-03810.36 117Jan Lennard Struff36.11694.21211634.2921659.3891623.11935.12024-07740.46 118Leandro Riedi24.31693.1911675.31371598.6861625.81823.32023-011170.01 119Yoshihito Nishioka30.31688.71031659.21231618.31471539.91884.72023-01176-0.39 120Andrea Vavassori30.91688.11071655.01001642.31491538.11734.82023-04559-1.54 121Jan Choinski30.01686.41611571.4971652.41551534.11695.72026-061000.19 122Kyrian Jacquet25.01685.31001663.11481586.2941612.41735.12025-02139-0.13 123Jason Kubler32.71684.51201635.31241615.7451679.31790.02022-07465-1.33 124Borna Gojo28.21682.51011662.01011641.72331468.01800.22023-10175-0.34 125Zhizhen Zhang29.61681.51151641.91111633.1681640.61830.92024-09161-0.25 126Facundo Diaz Acosta25.41680.51891533.1881668.42241476.21791.92024-021200.05 127Stan Wawrinka41.11677.9991663.81251612.51101589.82145.52016-011090.15 128Henrique Rocha22.11675.51561574.2891666.41631517.81694.52026-061220.05 129Andrea Pellegrino29.11673.62951421.8961653.52501458.71681.82026-06133-0.03 130Adrian Mannarino37.91673.41121647.42331487.7611652.81896.32018-01401.18 131Christopher Oconnell32.01673.11051656.91581569.1931614.01814.12025-031240.05 132Sho Shimabukuro28.81672.41371606.12111509.8601652.91692.52023-09900.38 133Nikoloz Basilashvili34.31671.61351608.41081635.2971607.71889.82019-011110.18 134Alexander Shevchenko25.51668.71141642.41161624.22411463.81792.02024-02990.30 135Cristian Garin29.91666.91591572.1931658.7921617.31889.62019-041250.08 136David Goffin35.41664.91261625.61061637.3641649.22048.72017-04241-0.57 137Lloyd Harris29.21664.81181640.21601565.9981607.61896.02021-10160-0.16 138Alexandre Muller29.31664.51231630.31131628.41681516.31801.72025-051260.09 139Zsombor Piros26.61660.61241629.11211620.51361552.31731.02023-04169-0.20 140Nicolas Jarry30.51648.31571573.51021641.5741635.21903.02023-10211-0.41 141Valentin Royer25.01640.61501584.91321606.21191572.71800.22025-10750.63 142Patrick Kypson26.51640.51321611.21681554.72121482.51732.42026-011130.23 143Dalibor Svrcina23.71639.81271624.31521578.42001488.91712.92025-041120.24 144Damir Dzumhur34.01637.81431595.51411594.01351553.91895.82017-091050.32 145Hugo Dellien32.91637.22301485.61181623.92191479.41779.82022-05162-0.11 146Aleksandar Kovacevic27.81636.21331611.11631563.12221476.81758.82024-04700.74 147Jurij Rodionov27.01635.81511583.81471586.31121585.31702.12023-061420.03 148Roberto Carballes Baena33.21631.91451592.41261612.11801505.71788.12024-07163-0.10 149Stefanos Sakellaridis21.71630.51621566.01271611.61301559.01674.32026-051480.01 150Aleksandar Vukic30.21630.21421597.32071515.61081590.61773.32025-011040.37 151Federico Cina19.11630.01521583.11431589.91701515.01656.02026-06174-0.14 152James Duckworth34.41628.11461592.01561572.61461540.01785.92021-11790.65 153Marco Trungelliti36.31627.32211496.41201620.82261474.51693.12018-07940.49 154Hugo Gaston25.61622.11251628.11591566.11751509.21795.12021-111180.27 155Giulio Zeppieri24.31621.91491589.01611565.71151578.91691.22022-07193-0.22 156Chris Rodesch24.91621.81281623.31821540.11311557.31768.52026-02173-0.10 157Lukas Neumayer23.71621.32361480.41381598.42371466.31658.42026-05167-0.06 158Nicolai Budkov Kjaer19.71620.11411597.91511582.22231476.31749.32025-101210.27 159Dusan Lajovic35.91620.01711558.51461587.62041487.51854.62018-101530.04 160Kilian Feldbausch20.71618.13231401.91361599.31761509.11648.32026-06288-0.59 161Tomas Barrios Vera28.41614.81731552.21451588.71271562.61710.32023-071370.16 162Michael Mmoh28.41613.01401599.42141508.21861502.11762.32017-02192-0.17 163Dhakshineswar Suresh25.81610.61661563.43021415.31821505.31616.62025-10475-1.07 164Carlos Taberner28.41610.32701445.01331604.72941433.41725.02021-10194-0.17 165Elmer Moller22.91609.22321484.11421593.11561533.71741.12025-041470.12 166Rei Sakamoto19.91607.51481589.42051517.52361467.31676.62026-021500.10 167Pierre Hugues Herbert35.21606.81551576.51951530.21261564.41867.92019-06251-0.41 168Clement Tabur26.31606.81581572.81711553.32181480.21636.72026-06189-0.12 169Emil Ruusuvuori26.61606.11541576.81641558.31161576.41893.22023-06786-1.54 170Mackenzie Mcdonald31.11605.61381604.12471473.41451541.21847.62023-031450.16 171Coleman Wong22.01602.11441592.82531466.72161481.31730.82026-021080.46 172Lukas Klein27.81601.11871535.11171623.91321557.21777.52024-031710.01 173Jacob Fearnley24.81599.61651564.71391598.11391546.21910.02024-101590.08 174Jerome Kym23.31598.51471591.21961528.91961490.71738.02024-10196-0.12 175Luka Mikrut22.11597.22731443.31221618.51901498.61735.42025-10180-0.03 176Pavel Kotov27.51596.61391600.81971528.71851502.31797.12024-05249-0.35 177Arthur Gea21.41596.51341609.52021520.91811505.41722.12026-031360.26 178Alexis Galarneau27.21592.81781548.32361484.71481538.31631.52024-04179-0.01 179Francesco Passaro25.41592.31681561.61531578.22631452.51779.02022-08185-0.03 180Liam Draxl24.41592.21641565.12221499.12581456.81699.62025-071580.13 181Matteo Gigante23.71591.81881533.61401598.02551457.11709.52025-05521-1.06 182Facundo Bagnis35.51590.72091512.91501583.84371363.21737.02021-07439-0.88 183Liam Broady32.41590.31531577.12311488.61841504.21757.42022-03209-0.13 184Mark Lajal23.01588.51721556.12351484.91401546.01685.32025-071640.12 185Alex Bolt33.41588.11841540.73001418.01221569.31688.92019-031520.20 186Daniel Evans36.01587.91671561.92211499.21141583.81902.52021-04385-0.73 187Filip Misolic24.51587.22481469.3911663.91581531.31829.42025-07221-0.17 188Luca Nardi22.81585.41601572.01871536.53301415.11724.62024-041660.12 189Giles Hussey29.01584.42041517.43201402.21721512.61600.72026-06258-0.31 190Vitaliy Sachko28.91583.52421474.91741549.82881438.51643.52023-07198-0.04 191Vilius Gaubas21.41581.01701559.51911534.61601529.21718.52025-051290.39 192Jack Kennedy1580.63101410.51671555.71971490.31606.12026-04414-0.77 193Max Alcala Gurri23.71580.53411387.61621564.01981490.31616.32026-06228-0.17 194Pedro Martinez29.11580.01741552.21731550.32661451.41844.32022-041340.37 195Remy Bertola27.71579.31921527.92391483.61501537.71594.42026-061870.04 196Inaki Montes De La Torre23.71579.22011518.71901534.81991489.61579.22026-06269-0.32 197Colton Smith23.21577.21631565.52451475.91441542.81837.62025-061860.06 198Joel Schwaerzler20.31576.82001519.41851537.42011488.41660.82026-041770.11 199Marco Cecchinato33.71575.62691446.11751546.32901438.11838.62018-071950.02 200Juan Carlos Prado Angelo21.21575.53001418.31691553.72031487.81611.62025-101810.10 201Harold Mayot24.31570.91791548.11761545.81891499.61701.92024-061990.01 202Stefano Travaglia34.41570.31851539.01981527.52651452.11793.82021-021300.44 203Hynek Barton22.11569.92121509.21891534.92061484.91585.22026-06256-0.23 204Moise Kouame17.21568.21771549.32921426.02081484.11579.42026-05215-0.05 205Thiago Monteiro31.91567.71901532.71701553.62301470.71748.22024-05292-0.35 206Taro Daniel33.31567.32111512.01801542.02141481.41766.82023-042030.01 207Gauthier Onclin25.21566.91751551.92231496.41781507.41591.32023-071780.15 208August Holmgren28.11566.12051516.72261492.81041594.41677.92021-091430.37 209Tom Gentzsch22.71564.92241491.91831539.72131482.11626.32026-05216-0.03 210Nikolas Sanchez Izquierdo27.21562.74041332.21921532.42151481.41588.32026-06214-0.02 211Tristan Boyer25.11561.01951525.11781544.53151423.21753.12025-011910.10 212Pol Martin Tiffon26.81560.91831544.62161506.22731447.71587.32026-05218-0.03 213Buvaysar Gadamauri25.91558.32511463.92001525.52201479.11592.82026-05255-0.18 214Jack Pinnington Jones23.21557.11801547.42811433.31541534.61685.02026-021380.44 215Cedrik Marcel Stebe35.31556.41961523.21771544.92421463.31824.72017-09342-0.46 216Chun Hsin Tseng24.81554.22221495.01811541.03451405.31715.62022-04229-0.06 217Mikhail Kukushkin38.41551.61941525.72041518.41731510.31864.22010-10305-0.34 218Darwin Blanch18.61551.32331483.22251493.52531457.81610.42026-04224-0.03 219Harry Wendelken24.51550.91691559.63801348.82311469.51641.52026-042020.08 220Felix Balshaw20.01550.93301397.41861536.52251475.51594.82026-06259-0.16 221Tristan Schoolkate25.21548.82071514.32631458.81571533.11703.12025-071490.39 222Elias Ymer30.11548.11931527.32281492.11871501.81751.82015-061880.17 223Hugo Grenier30.21547.91971523.13111410.12521458.01734.02022-092230 224David Jorda Sanchis31.91545.33991334.41721550.72931433.81545.32026-061840.20 225Gianluca Cadenasso 21.61545.23481382.62131508.52271472.61578.52026-04 226Andrea Guerrieri27.51544.83331393.42121509.52281472.41591.52026-062270 227Edas Butvilas21.81544.32191499.12191501.02601456.11672.02024-092250.01 228Kimmer Coppejans32.31544.02491469.32101513.42611455.51697.02015-042220.03 229Timofey Skatov25.31543.82381479.31941531.12091483.91672.02024-071720.29 230Andre Ilagan25.51543.42031518.43361381.72291471.71556.02026-06263-0.13 231Sumit Nagal28.81542.72411475.81841537.53481403.81745.22019-092190.05 232Yosuke Watanuki28.11540.51911530.52421479.61511537.21798.22023-05294-0.24 233Henry Searle20.21540.32981418.53281388.21381550.31540.32026-06273-0.16 234Ilya Ivashka32.21538.02131509.11661556.61661516.41922.52021-09539-0.83 235Francesco Maestrelli23.41537.71761550.72561466.23531400.71711.42022-071280.61 236Federico Coria34.21537.42651449.32081515.34211370.41754.42021-07889-1.33 237Brandon Holt27.71536.82151507.13721353.71791507.01725.52025-02558-0.86 238Dali Blanch23.21535.74561284.92011523.22341467.91588.92026-06309-0.26 239Dominic Stricker23.71533.12141508.72461474.41591530.01798.62021-06343-0.36 240Jacopo Vasami18.51532.23941339.82201499.42391466.11560.52026-06368-0.43 241James Mccabe22.91532.12351481.44071324.61521536.91584.12025-032070.15 242Thiago Seyboth Wild26.21531.82061516.02061516.02211478.01793.42024-052430 243Rio Noguchi27.41531.72101512.54271307.73621398.01588.02026-042130.13 244Daniel Elahi Galan29.91530.52201497.22271492.21951492.21757.52022-09297-0.20 245Alexander Ritschard31.71528.02601454.41651557.12321469.41695.92024-07578-0.86 246Stefano Napolitano31.11527.72591456.42031519.82111482.71662.12024-052420.02 247Rodrigo Pacheco Mendez20.91526.52291486.92611459.82431463.21543.32026-04338-0.31 248Alejandro Moro Canas25.51526.42021518.72401483.52051486.61673.52024-072330.06 249Lautaro Midon22.11525.72631451.22151508.02441462.91546.82026-052300.08 250Petr Brunclik19.91525.52551459.22501469.02451462.81565.22026-06334-0.29 251Cezar Cretu25.11523.52681447.22291492.12471461.81549.22026-06272-0.08 252Christopher Eubanks29.41523.42231493.03031414.61611524.21864.82023-07639-0.93 253Daniel Rincon23.41521.72081513.92491469.44161371.21613.82023-09261-0.03 254Ugo Blanchet27.31521.31811546.12751440.03461404.41662.12025-081700.40 255Igor Ribeiro Marcondes28.71517.12831429.32181504.72511458.51649.42026-01328-0.25 256Andrej Nedic21.61515.22791432.22171506.11771507.61566.02026-052500.02 257Hamish Stewart26.81513.32391478.73501366.72071484.31602.22025-08300-0.15 258Clement Chidekh25.01512.71981523.13561363.03331412.01695.52024-032050.23 259Diego Dedura Palomero18.21512.14071331.52091514.13221419.01566.12026-06271-0.05 260Henri Squire25.71510.62571459.12301490.34251368.71670.02024-062350.10 261Luka Pavlovic26.11510.12521463.72541466.62101482.91635.02025-072170.18 262Max Schoenhaus18.81508.42921423.62551466.63491403.31547.72026-06335-0.25 263Billy Harris31.31508.32451472.83551363.21691516.11711.42024-061550.53 264Zdenek Kolar29.61506.42801431.62371484.72691449.81621.12021-091540.54 265Arthur Bouquier25.11505.42341482.03971332.62861440.21732.02025-03630-0.87 266Andres Andrade27.41504.92851426.72341487.02641452.51584.82024-082520.05 267Marc Andrea Huesler29.91503.52271489.32411479.82571456.91817.02023-02311-0.15 268Jay Dylan Hara Friend22.41502.72371480.23681356.22671451.41581.82025-10407-0.42 269Maxim Mrva18.81500.32181503.52681447.31881500.11619.42025-03295-0.09 270Felix Gill24.01499.02171503.72941424.44021377.71541.72026-062200.20 271Nerman Fatic31.51495.93031417.12431478.32381466.21584.42023-07373-0.32 272Fajing Sun29.61495.82431473.24581278.33101426.91555.02026-052700.01 273Guy Den Ouden24.11495.23951338.52381484.23401408.01722.82025-082440.11 274Franco Roncadelli26.31494.63531376.22441478.32741447.31552.82026-052450.11 275Raul Brancaccio29.11491.72961421.52571464.63291415.41644.92023-012480.10 276Gonzalo Bueno22.11490.74291314.02511469.02761445.41602.22025-111820.42 277Oliver Tarvet22.61489.92541460.32241494.91831504.71735.22025-08348-0.23 278Genaro Alberto Olivieri27.81488.63801353.52581464.04241369.21585.62023-072010.32 279Yu Hsiou Hsu27.21488.52501468.43151406.74341364.21648.02023-112060.30 280Hyeon Chung29.91488.42561459.11991525.73561400.11991.82018-03549-0.67 281Li Tu29.91487.92471471.13451370.41671516.41633.52022-10421-0.40 282Joao Lucas Reis Da Silva26.21485.83721359.32481470.22801442.91531.32025-112360.18 283Stefan Dostanic24.51485.42251491.53221399.52811442.71604.92026-042750.03 284Trevor Svajda20.01484.92641450.53751352.42821442.41625.42025-09466-0.50 285Pedro Boscardin Dias23.31480.74671272.62621459.52851440.31532.22026-042600.09 286Duje Ajdukovic25.31480.32531462.12591461.94561354.11687.62024-092810.02 287Daniil Glinka26.01477.42261491.02861430.52971432.61687.52026-021680.54 288Felipe Meligeni Alves28.11477.42941421.92521468.51911497.21695.32023-10807-1.03 289Nicolas Mejia26.31476.82911423.72321487.82831442.11582.42026-041650.56 290Gilles Arnaud Bailly20.71476.42581457.22781438.42021488.21665.92026-012100.32 291Shintaro Mochizuki23.01475.12881425.22821432.61621519.71714.92025-101510.66 292Antoine Ghibaudo21.41475.03201402.22931425.92621454.11518.92025-09298-0.02 293Bernard Tomic33.61474.52761441.22991420.21921497.21947.42015-032040.36 294Max Hans Rehberg22.71474.12461472.03241398.04231370.01575.02025-02510-0.55 295Nick Hardt25.71473.13071413.62601460.02891438.31619.62024-052670.10 296Norbert Gombos35.81472.02621452.22641455.43261417.51753.22020-11364-0.21 297Mili Poljicak21.91471.14441296.72721441.63571399.71537.42026-03347-0.16 298Filippo Romano20.91470.02281489.13891342.12781444.91533.12026-06312-0.05 299Andrej Martin36.71469.93581372.72701443.94681347.31674.72014-08402-0.30 300Frederico Ferreira Silva31.21468.42401478.43181404.42591456.51642.42021-052310.26 301Mees Rottgering18.91467.52661448.82771438.62701449.61495.62026-02469-0.44 302Mika Brunold21.61465.82741443.23161406.62951432.91510.92025-07408-0.30 303Yasutaka Uchiyama33.81462.82811430.73841347.53271417.41727.52019-10326-0.07 304Juan Manuel La Serna22.31462.83591371.92661449.22991431.41485.92026-062870.06 305Ilia Simakin22.61462.72161504.64551282.13001431.31679.72026-023040 306Marko Topo22.71462.72441473.03231398.82841440.61663.92022-04350-0.13 307Enrico Dalla Valle28.21462.13451385.22761439.03011431.01543.62024-07359-0.16 308Philip Henning25.61461.32311484.53981332.52171480.61559.82021-092540.19 309Matej Dodig20.81461.03151406.72871429.73031430.51601.72024-092080.40 310Mitchell Krueger32.31460.72781435.52901427.13131423.51653.62022-04349-0.12 311Dane Sweeny25.31460.42721443.74481287.14411361.71645.72026-021270.90 312Max Houkes25.91460.14371304.72711443.83961383.61527.72026-042390.27 313Martin Krumich23.41458.93711360.32961423.33061429.41513.52026-052820.10 314Christoph Negritu31.91458.72931423.42881428.73071429.31540.22024-11489-0.44 315Thomas Faurel20.31458.63821353.32951424.03081429.31502.62026-06321-0.02 316Jay Clarke27.81458.42971420.83051414.24451359.81617.42018-072460.25 317Javier Barranco Cosano27.21457.43271398.92731441.32961432.71581.02024-07424-0.29 318Oriol Roca Batalla33.11456.33461383.12841431.93801389.31554.62024-063190 319Petr Nesterov23.21455.82821430.43131409.53091427.91493.12026-06369-0.15 320Yi Zhou21.21455.62711444.74371298.72491458.91610.12026-012400.29 321Beibit Zhukayev25.51455.43241401.73391378.61741509.71640.22023-113160.02 322Laurent Lokoli31.61454.73141406.72691444.02481460.71608.22023-07476-0.39 323Franco Agamenone33.11454.03871346.72801434.14511356.01707.62021-102680.19 324Mats Rosenkranz27.41453.52901424.34121320.23611398.41503.32025-10352-0.08 325Radu Albot36.61452.52841428.82741440.41941495.11823.42019-05440-0.30 326Andrew Paulson24.31452.43781355.82911426.83111426.21560.32024-08602-0.61 327George Loffhagen25.01451.82771439.84341301.03391408.21649.02025-073010.08 328Benjamin Hassan31.31450.73291397.82651452.43161422.11680.22023-10419-0.24 329Eliakim Coulibaly24.11449.22611452.63811348.23121424.61537.12025-053140.05 330Marc Polmans29.11449.03061414.03211400.02461462.31618.12019-10344-0.04 331Yuta Shimizu26.91446.43041417.04261309.23051429.81590.82024-05356-0.07 332Federico Agustin Gomez29.41445.03191402.63121409.83041430.51668.62024-092120.45 333Oliver Crawford27.11444.13091412.53421373.22541457.31580.72023-102320.36 334Alex Martinez25.11443.13551375.52971422.23171421.61501.52024-07351-0.05 335Alexander Vasilev19.11442.94081331.43261395.73181421.41531.62026-03592-0.57 336Guido Ivan Justo28.41442.74351307.02831432.53191421.31500.82026-022380.34 337Johannus Monday24.31442.63021417.64021331.34311365.31559.82026-013130.07 338Alvaro Guillen Meza23.41442.24771258.23081411.53521401.01627.02025-112760.20 339Abedallah Shelbayh22.51441.82671447.94211311.82751447.11648.22024-022640.25 340Ryan Peniston30.21441.03211402.03661356.52871440.01723.22022-06389-0.13 341Juan Pablo Varillas30.51440.13761356.82851430.94661348.21730.02021-103080.10 342Calvin Hemery31.31438.93421387.22671448.74151371.61651.12015-062910.16 343Lilian Marmousez24.31438.33381389.63061412.73201419.21522.82026-013030.12 344Sandro Kopp26.01436.84131328.72891428.03241418.41547.12025-112930.16 345Antoine Escoffier33.61435.73081413.44811258.44431360.81628.42023-03581-0.52 346Daniel Michalski26.41435.42861426.03301386.12351467.71590.82020-023020.14 347Edward Winter21.61433.93161404.04061326.92791444.51484.52026-05434-0.22 348Dimitar Kuzmanov32.91431.42891424.73271393.93361410.61640.12021-05427-0.20 349Ivan Gakhov29.41430.23441386.63311384.33861386.61659.62023-05387-0.10 350Stefan Kozlov28.21429.03121408.33251397.23311414.41724.42022-023170.10 351Murphy Cassone23.81429.03361392.64141318.63511402.01684.92025-022890.19 352Alexander Donski27.81428.12751442.63481368.72401464.11558.62021-09528-0.41 353Facundo Mena33.61427.03791354.53171405.64001378.21616.92019-093540 354Andrea Collarini34.31426.04201322.13091410.94871333.41572.52019-093230.09 355Paul Jubb26.41425.83171403.33931338.02771445.21632.12022-033310.07 356Marat Sharipov23.61424.63051415.73531364.73321412.31613.92025-02381-0.07 357Sergey Fomin25.31421.63611369.63041414.23341410.81507.22026-042990.18 358Matias Soto27.11421.44181322.63071411.73351410.71487.52026-042960.19 359Keegan Smith27.91421.03321394.64851253.63371410.51453.42026-052470.37 360Jason Jung36.91420.13391389.23631358.63281417.21661.32018-031107-1.12 361Lorenzo Giustino34.71419.82871425.53701354.65001315.71643.82019-062260.47 362Dan Added27.11418.03221402.04501285.33381409.01565.52025-112370.42 363Matteo Martineau27.41416.93281398.23601360.33771390.71624.52024-023360.08 364Blake Ellis27.31416.03371390.44151318.03411408.01501.32026-03502-0.32 365Moez Echargui33.41415.83131407.83881342.33831387.81647.02025-091570.84 366Juan Pablo Ficovich29.31414.62991418.53321383.23661397.41597.42020-101970.62 367Petr Bar Biryukov24.31414.33011417.84011331.54291367.31488.12025-102860.25 368Ognjen Milic19.01414.33251401.23101410.62561457.11513.82026-033570.03 369James Trotter26.71414.23511380.43671356.33921384.91658.12025-01420-0.13 370Daniel Masur31.41413.43491382.53291387.33501402.21621.92021-03379-0.02 371Bernabe Zapata Miralles29.31413.13651366.23141407.43141423.51779.92023-05 372Sascha Gueymard Wayenburg22.81412.53341393.43471369.14191370.71563.92025-012830.27 373Matheus Pucinelli De Almeida25.21412.24711270.43191403.93421407.01650.02022-03397-0.06 374Hady Habib27.41411.63681364.12791435.43021431.01624.92025-05600-0.47 375Justin Engel18.61411.43111410.54161317.82921434.81607.82025-112790.30 376Johan Alexander Rodriguez Rodriguez22.71411.03401389.13521365.13441405.51490.12026-06560-0.40 377Marek Gengel30.31410.63521377.34791260.04321364.91505.82023-013700.02 378Charles Broom28.11408.73311396.14511285.13881385.91536.42024-062850.28 379Tibo Colson25.71408.73831351.63741352.53471404.41422.62026-04482-0.24 380Tung Lin Wu28.01406.13541375.92981421.14401362.51605.02023-043450.10 381Maks Kasnikowski22.91400.33621368.83011417.52681450.11652.12024-062840.29 382Michael Geerts31.21399.53471382.83821347.94741343.41540.62023-033330.14 383Florent Bax26.91399.23431387.03581362.63581399.61474.22026-012620.38 384Francesco Forti26.81398.74161323.73441371.73591399.41478.82019-073780.02 385Manas Dhamne18.41398.63351393.23711354.12711449.31534.72026-043860 386Miguel Damas26.51398.34121328.93461369.73601399.21466.42026-042800.32 387Marvin Moeller27.31396.23661364.83331383.12721448.11567.72021-073720.04 388Oleg Prihodko28.61395.43181403.24001331.73631397.71514.02021-12428-0.10 389Hernan Casanova32.31393.24731262.93371381.14301365.81474.02022-09409-0.05 390Milos Karol23.51393.14011333.23511365.73681396.61457.62025-10445-0.13 391Luciano Emanuel Ambrogi22.51392.14891247.23351381.83701396.11436.02026-063200.20 392Alastair Gray28.01390.43601370.44301305.24731344.91526.52024-012770.35 393Philip Sekulic22.61390.03691363.34641273.84501356.81533.12024-073220.20 394Jakub Paul27.01389.23931340.13831347.63711394.61506.32025-08527-0.29 395Geoffrey Blancaneaux27.81387.43561374.93411376.04951321.71591.52023-053900.01 396Filip Cristian Jianu24.71387.24361305.43591362.14131371.81578.52019-092780.35 397Federico Bondioli21.11387.24911246.73401377.94541354.81422.62025-063630.09 398Rudolf Molleker25.41386.83921340.83341381.94381362.71712.92019-06484-0.20 399Jonas Forejtek25.21386.84031332.93541363.54051376.41614.52022-053150.24 400Dmitry Popko29.41385.23261399.63961334.04931322.81631.72020-01652-0.49 401Nicolas Kicker33.81384.63891345.23431373.24781341.81706.22018-053270.20 402Braden Shick22.51384.53741358.04131319.23731392.31404.12026-063250.21 403Samir Banerjee22.11383.93701361.04311302.03741392.01472.42025-09418-0.04 404Jie Cui28.21382.93811353.54881249.33751391.51491.52025-05470-0.15 405Quinn Vandecasteele23.71382.73631367.84321301.34621351.91409.22026-03455-0.12 406Mathys Erhard24.61381.73861348.33771351.43761390.81455.12025-113770.07 407Aidan Mayo23.01380.23731358.94201312.93691396.31541.12024-11561-0.32 408Khumoun Sultanov27.41379.13641367.14601277.73541400.21553.92025-02 409Murkel Alejandro Dellien Velasco28.61378.63751357.23491368.24271368.21602.52022-013070.29 410Tom Paris23.71377.43771355.94181316.73811388.71497.22025-113910.05 411Tommaso Compagnucci26.61375.94921244.53571362.93821387.91405.92026-063650.12 412Denis Yevseyev33.01375.23571373.23901340.83651397.51565.72024-01448-0.08 413Alex Barrena23.61374.94801255.63851346.63841387.51596.12025-072530.49 414Lucio Ratti22.31373.54301310.23781350.33851386.81406.92026-063980.04 415Michele Ribecai23.31372.94491288.83621359.03871386.51437.52026-062650.45 416Alfredo Perez28.41371.64001333.43381379.73891385.81451.22025-10610-0.38 417Henry Bernet19.31371.54281315.83731353.03901385.81537.62025-11458-0.09 418Tyler Zink25.31370.83841350.94401293.53551400.21473.92025-103300.24 419Niels Visker24.71370.73671364.54761261.73641397.61420.62026-06453-0.08 420Gabi Adrian Boitan26.81369.83881345.33761351.52911434.91488.62022-033940.06 421Stefan Palosi26.11368.84451294.43691354.73931384.41405.52026-024110.02 422Juan Bautista Torres24.21368.64521286.43651356.63941384.31586.62022-072900.38 423Akira Santillan29.01366.93911342.54081324.54771342.11658.62017-083100.31 424Eero Vasa29.31364.24151326.23861344.82981432.11415.62016-03451-0.06 425Hayato Matsuoka21.31360.64061331.74431290.33971380.31542.52026-033460.21 426Gonzalo Villanueva31.41360.54931243.63791350.13981380.21454.72022-053550.18 427Carlos Sanchez Jover25.91360.14871250.33911340.73991380.01440.52023-093660.15 428Mert Alkaya25.91358.03971336.64091323.43911385.81499.52026-043320.25 429Eduardo Ribeiro28.21355.84791256.43871342.84011377.91463.22026-033750.13 430Kaichi Uchida31.71354.94101331.44361298.83791390.11571.82023-022570.51 431Nicolas Alvarez Varona25.01353.43501382.04331301.24031376.71526.22022-11457-0.06 432Hiroki Moriya35.61352.84241320.84841254.84591353.61584.02012-12472-0.09 433Justin Boulais24.51351.74141326.44491285.94061375.91416.62023-073960.09 434Alex Rybakov29.21351.74321309.84251310.53671397.01516.52022-074320 435Niels Mcdonald18.41351.14901246.93611359.54081375.61397.52025-07569-0.27 436Daniel Milavsky24.61348.53961337.14671267.44531355.01406.92026-023670.17 437Maximus Jones21.61347.84231321.84191316.44101373.91524.42025-044370 438Valerio Aboian24.01347.54991233.63921339.04111373.71371.82026-06442-0.01 439Alexandr Binda24.51346.04511287.03991331.84121373.01450.92025-07480-0.09 440Tai Sach23.51343.44211321.94561281.74141371.71436.62026-02508-0.14 441Cannon Kingsley24.91342.33901344.54751262.44171371.11468.02023-094290.03 442Luca Potenza25.91342.14271317.34381297.14181371.01470.32022-064380.01 443Sergio Callejon Hernando21.71340.34381304.44221311.84221370.11418.72026-034410 444Olaf Pieczkowski21.81338.44091331.44031329.43211419.21621.02023-11583-0.27 445Andres Martin24.81337.04051331.74281306.13231418.51603.62022-073060.37 446Mae Malige19.91336.94331308.64991229.14261368.41435.82025-10546-0.20 447Ioannis Xilas25.01336.73981336.33941337.73251418.41652.32025-083620.21 448Garrett Johns25.31336.24171323.44421291.14281368.11534.52025-083820.16 449Corentin Denolly28.81331.34691271.44411292.54601352.31455.62025-034230.06 450Patrick Zahraj26.81330.84191322.34801258.64071375.91596.72025-034010.12 451Santiago Fa Rodriguez Taverna26.91330.84541286.14111321.74611352.11672.62022-013840.16 452Conner Huertas Del Pino30.51329.34341307.14241310.74331364.61393.42026-06641-0.35 453Miguel Tobon20.01328.44411300.84231311.24091375.11600.31995-09463-0.02 454James Watt25.91328.34221321.94961238.94471359.61360.22026-01678-0.40 455Federico Arnaboldi25.91328.24421300.04451289.04861333.61623.02024-08585-0.25 456Masamichi Imamura27.51327.94431297.04631273.94351363.91394.52024-114170.09 457Karim Bennani18.71326.73851349.14721263.34361363.31522.82026-04517-0.12 458Jacopo Berrettini27.21325.44781257.83951335.84391362.71592.32024-05503-0.09 459Olukayode Alafia Damina Ayeni26.71323.94311310.04981229.54971318.21374.82022-104440.03 460Luis Guto Miguel17.11322.04721267.14171317.14421361.01351.02026-05829-0.59 461Pietro Fellin24.81321.54391303.84911245.44441360.81419.72026-024460.03 462Patrick Maloney25.61320.74651273.34101322.04201370.71467.52025-07781-0.53 463Viktor Durasovic29.21320.04111329.24731263.25091303.71494.22025-02481-0.04 464Neil Oberleitner26.41319.64531286.44651271.84461359.81378.02024-07616-0.28 465Robin Bertrand23.21318.84251320.65061220.64481359.41540.92024-073240.36 466Johan Nikles29.01318.74661273.04291306.14491359.31535.72022-064250.09 467Karl Poling26.81313.74261320.35071216.45021315.21328.12026-06506-0.08 468Blaise Bicknell24.41313.24481289.54471287.43431406.61587.22024-023180.39 469Dan Martin26.91313.24621276.14621274.74911328.71374.12025-11497-0.06 470Jelle Sels30.81312.54021333.04531282.75291252.51640.82022-11490-0.04 471Cruz Hewitt17.11310.74471292.54691265.34521355.31349.32026-02606-0.25 472Tsung Hao Huang26.21308.84601279.64701264.44551354.41406.72023-10612-0.26 473Arda Azkara23.11307.74461292.94711263.84581353.81352.02026-06697-0.39 474Svyatoslav Gulin23.51307.74761258.34351299.14571353.91402.22023-11584-0.21 475Daniel Dutra Da Silva37.91307.05001232.24541282.24821339.61519.52009-024130.14 476Sasi Kumar Mukund29.31305.74581281.14941241.04991316.21498.82019-02545-0.14 477Ivan Marrero Curbelo27.61302.54971237.34051327.84631351.31322.52026-053740.24 478Kaylan Bigun19.81301.74641274.94951239.84641350.91423.02025-08507-0.06 479Olle Wallin24.61299.74611278.04461288.84651349.81488.22025-074470.07 480Maxime Janvier29.61297.34571281.64781260.94701346.91601.52019-09572-0.18 481Omar Jasika28.91295.94681271.94921244.95311242.51669.12017-02531-0.10 482Lucas Poullain30.51295.34551286.05021225.54671347.71590.82023-104310.11 483Robert Strombachs26.61294.44501287.24831255.84691347.21479.92025-054520.07 484Carl Emil Overbeck24.61292.94701271.24821256.54711346.51413.12025-114300.12 485Alejo Sanchez Quilez20.91292.84741262.14661268.24721346.41390.82026-03498-0.03 486Pierluigi Basile19.41286.15121195.64391296.64751343.01426.92025-06839-0.55 487Kasidit Samrej25.21285.44751259.83641356.93721392.71424.32019-043880.23 488Juan Estevez20.71284.34851252.24611276.74761342.21350.72026-063410.36 489Taha Baadi24.61282.14881249.64571279.85061305.31300.12025-09519-0.06 490Carlo Alberto Caniato 20.61281.55021228.64591277.94791340.71451.22025-09 491Joaquin Aguilar Cardozo 21.21281.44401302.54521284.63781390.71554.42023-09 492Pedro Sakamoto32.91281.14821254.44681266.34801340.51495.62019-05496-0.01 493Adria Soriano Barrera26.71279.64591280.95031225.54811339.81429.02025-074330.13 494Alan Magadan24.81274.14631275.14971237.74831337.11381.12025-07632-0.25 495Yusuke Takahashi28.61267.74941243.34741262.54841333.91451.52018-01666-0.30 496Raphael Perot24.91267.65011230.84771261.24851333.81293.72026-063950.23 497Aristotelis Thanos24.61267.44811254.64041328.23951383.71576.32025-02573-0.14 498Christian Langmo29.81266.54831254.05271140.84881333.21411.82023-044640.07 499San Hui Sin29.01265.14951242.24931242.64891332.61314.12025-084490.11 500Max Wiskandt24.31262.75041226.14861253.15081304.11454.02025-04537-0.07 501Juan Alejandro Hernandez Serrano26.91260.04841253.75041221.64901330.01315.82026-044220.17 502Gabriele Piraino22.61253.75091201.84891247.84921326.81397.22026-023710.30 503Bor Artnak21.91253.34961241.04441290.24041376.71587.42022-094350.15 504Mateus Alves25.21244.55261146.24901246.94941322.31422.12024-114560.10 505Naoya Honda20.11239.54981236.35121203.14961319.81290.32026-03771-0.42 506Aryan Shah20.31235.25031227.95011226.14981317.61524.62025-07617-0.20 507Filip Peliwo32.31233.65071210.84871251.55211280.61570.62014-044790.06 508Juan Sebastian Gomez34.21230.85081206.35051220.95011315.41319.22017-09562-0.10 509Renta Tokuda28.01223.75111196.65211173.15031311.81380.82018-053920.26 510Vadym Ursu29.21222.75131195.65221167.65181290.31281.32025-113930.26 511Saba Purtseladze24.71220.34861251.85311110.15201288.21466.82025-05649-0.24 512Lorenzo Joaquin Rodriguez26.71218.55141185.45101209.15041309.31362.42024-044540.12 513Dominik Palan25.61214.05101201.35161195.25051307.01441.52023-075000.03 514Moerani Bouzige26.71210.65171179.65081215.35071305.31416.72024-124430.15 515Kokoro Isomura23.31205.75191176.35091212.95101302.91428.82024-11557-0.08 516Joao Eduardo Schiessl21.71201.55201173.95131203.05111300.71394.02025-105040.02 517Carlos Maria Zarate1199.95051212.25181187.05121300.01301.92025-104120.23 518Andrew Fenty26.21199.35161182.75151197.85131299.61297.02026-014000.26 519Mariano Kestelboim30.11198.45231170.65171189.05141299.21312.12025-06686-0.28 520Mitsuki Wei Kang Leong21.71192.05221173.65111206.05151296.01291.12024-09547-0.05 521Tomasz Berkieta19.91182.25061211.15251152.85161291.11302.82025-11543-0.04 522Ryan Dickerson29.01180.85211173.85191186.95171290.41234.92026-05596-0.13 523Sebastian Gima24.01179.05271143.25201183.15191289.51251.02025-085160.01 524Tiago Pereira21.91178.85291142.35141200.15281255.51406.92025-083370.44 525Luca Castelnuovo29.31175.75251165.95241162.35271260.21285.62026-024100.25 526Lorenzo Carboni20.21160.55311123.45231165.65221280.21325.22023-084740.10 527Paulo Andre Saraiva Dos Santos25.91154.15241166.25261143.85231277.01327.32026-035120.03 528Bruno Fernandez21.91149.35151184.65281139.45241274.61363.72026-02628-0.17 529Nicolas Villalon22.31135.45181177.75301127.65251267.71217.72026-04667-0.23 530Karan Singh22.91133.95321090.45001227.75261267.01339.82025-024870.08 531Jake Delaney28.91103.05331088.35291131.75301251.51252.32025-113830.33 532Santiago De La Fuente24.31066.25281143.15321063.05321233.11198.32022-04626-0.16 533Maximo Zeitune19.21043.65301131.85331032.85331221.81229.72026-01627-0.16,,,,,,,,,,,,,,,,
